flight_id,callsign,latitude,longitude,altitude,ground_speed,heading,autopilot_on,deviation_m,in_restricted_zone,anomaly_type,timestamp
0101BE,ICA0101BE,50.5217,7.90982,26383.0,446.0,158.0,0,0.0,0,Normal,2025-12-05 14:09:36.880
010260,ICA010260,49.8859,7.20027,4147.0,221.0,213.0,0,0.0,0,Normal,2025-12-05 14:09:37.398
040233,ICA040233,-3.06248,29.45622,15569.0,340.0,4.0,0,0.0,0,Normal,2025-12-05 14:09:36.790
0440D0,FLR0440D0,50.06775,19.932,788.0,0.0,70.0,0,0.0,0,Normal,2025-12-05 14:09:37.361
06A0AC,A7-BCH,51.19517,6.6375,5092.0,250.0,174.0,0,0.0,0,Normal,2025-12-05 14:09:37.073
06A0AC,A7-BCH,51.1952,6.63748,5094.0,250.0,174.0,1,0.0,0,Normal,2025-12-05 14:09:37.105
06A30B,ICA06A30B,50.43085,9.78368,34243.0,484.0,112.0,0,0.0,0,Normal,2025-12-05 14:09:37.532
0A0026,7T-VJS,45.54875,8.49515,9722.0,291.0,204.0,0,0.0,0,Normal,2025-12-05 14:09:36.890
0D0C5D,ICA0D0C5D,20.5163,-87.34607,3887.0,91.0,97.0,0,0.0,0,Normal,2025-12-05 14:09:38.295
110A6F,Wolle,28.12602,-16.72703,1818.0,11.0,350.0,0,0.0,0,Normal,2025-12-05 14:09:36.983
110A6F,Wolle,28.12607,-16.72703,1821.0,12.0,355.0,1,0.0,0,Normal,2025-12-05 14:09:38.022
1A5A06,CC-KWR,-33.38062,-70.584,2248.0,1.0,358.0,0,0.0,0,Normal,2025-12-05 14:09:37.546
200CE1,FLR200CE1,46.206,12.81863,1332.0,0.0,134.0,0,0.0,0,Normal,2025-12-05 14:09:37.537
200F48,FLR200F48,28.13348,-16.73675,1660.0,15.0,32.0,0,0.0,0,Normal,2025-12-05 14:09:37.007
300554,ICA300554,48.2139,11.31492,31418.0,456.0,354.0,0,0.0,0,Normal,2025-12-05 14:09:37.395
300554,ICA300554,48.21382,11.31493,31418.0,456.0,354.0,1,0.0,0,Normal,2025-12-05 14:09:37.436
300558,ICA300558,47.69843,8.65087,17630.0,392.0,12.0,0,0.0,0,Normal,2025-12-05 14:09:37.819
300782,ICA300782,51.50712,9.8448,25306.0,391.0,199.0,0,0.0,0,Normal,2025-12-05 14:09:38.005
3007F1,ICA3007F1,49.38603,10.65815,24619.0,431.0,300.0,0,0.0,0,Normal,2025-12-05 14:09:37.564
3009B7,ICA3009B7,50.14232,8.5661,7704.0,295.0,70.0,0,0.0,0,Normal,2025-12-05 14:09:36.849
3009B7,ICA3009B7,50.1423,8.56602,7704.0,294.0,70.0,1,0.0,0,Normal,2025-12-05 14:09:36.951
33FD4A,ICA33FD4A,41.68812,12.72197,2070.0,133.0,262.0,0,0.0,0,Normal,2025-12-05 14:09:37.014
34134E,EC-HUI,40.65912,-3.55998,4532.0,201.0,180.0,0,0.0,0,Normal,2025-12-05 14:09:37.739
342188,EC-JFN,40.88063,-3.53793,6575.0,244.0,203.0,0,0.0,0,Normal,2025-12-05 14:09:37.426
34260E,EC-KHM,51.84517,4.70512,17021.0,328.0,206.0,0,0.0,0,Normal,2025-12-05 14:09:36.873
34260E,EC-KHM,51.84517,4.70513,17042.0,332.0,206.0,1,0.6891469926753104,0,Normal,2025-12-05 14:09:36.878
34260E,EC-KHM,51.84377,4.7041,17052.0,332.0,206.0,1,0.0,0,Normal,2025-12-05 14:09:37.609
34260E,EC-KHM,51.8424,4.70293,17109.0,332.0,206.0,1,1.3783785810023161,0,Normal,2025-12-05 14:09:38.043
34260E,EC-KHM,51.8424,4.70295,17091.0,333.0,206.0,1,0.0,0,Normal,2025-12-05 14:09:38.143
344213,ICA344213,39.43547,-0.36508,13643.0,362.0,99.0,0,0.0,0,Normal,2025-12-05 14:09:38.264
344445,EC-LZD,37.42538,-5.49155,4383.0,191.0,266.0,0,0.0,0,Normal,2025-12-05 14:09:37.593
34469A,ICA34469A,48.89297,2.05065,13530.0,377.0,85.0,0,0.0,0,Normal,2025-12-05 14:09:37.725
345084,ICA345084,40.39235,-3.3691,7549.0,270.0,86.0,0,0.0,0,Normal,2025-12-05 14:09:37.056
345084,ICA345084,40.39242,-3.36753,7631.0,270.0,86.0,1,0.0,0,Normal,2025-12-05 14:09:37.496
3452C8,ICA3452C8,40.86538,-3.8658,11104.0,297.0,27.0,0,0.0,0,Normal,2025-12-05 14:09:36.807
3452C8,ICA3452C8,40.86657,-3.86507,11091.0,297.0,27.0,1,0.0,0,Normal,2025-12-05 14:09:37.483
34535A,ICA34535A,51.10853,0.22372,4700.0,223.0,29.0,0,0.0,0,Normal,2025-12-05 14:09:38.187
3455CB,ICA3455CB,40.52698,-3.30313,16131.0,291.0,7.0,0,0.0,0,Normal,2025-12-05 14:09:37.523
3455CB,ICA3455CB,40.52835,-3.30293,16174.0,291.0,7.0,1,0.0,0,Normal,2025-12-05 14:09:38.072
3455CB,ICA3455CB,40.52837,-3.30293,16178.0,291.0,7.0,1,0.0,0,Normal,2025-12-05 14:09:38.141
345645,ICA345645,41.35332,2.24302,2242.0,165.0,246.0,0,0.0,0,Normal,2025-12-05 14:09:36.977
346095,ICA346095,28.36677,-15.94367,8296.0,272.0,301.0,0,0.0,0,Normal,2025-12-05 14:09:37.390
34714A,ICA34714A,27.77665,-15.5236,337.0,45.0,69.0,0,0.0,0,Normal,2025-12-05 14:09:37.940
34714A,ICA34714A,27.77682,-15.5238,214479.0,45.0,70.0,1,0.0,0,Normal,2025-12-05 14:09:38.279
347394,ICA347394,36.69017,-6.05017,2849.0,110.0,91.0,0,0.0,0,Normal,2025-12-05 14:09:37.185
3475CA,ICA3475CA,27.78652,-15.50107,0.0,50.0,41.0,0,0.0,0,Normal,2025-12-05 14:09:37.428
3475CA,ICA3475CA,27.7867,-15.50087,0.0,54.0,38.0,1,0.0,0,Normal,2025-12-05 14:09:38.281
348387,ICA348387,41.67005,1.44893,4935.0,91.0,49.0,0,0.0,0,Normal,2025-12-05 14:09:37.907
34838B,ICA34838B,41.16885,2.31852,11718.0,319.0,67.0,0,0.0,0,Normal,2025-12-05 14:09:38.093
34838B,ICA34838B,41.16885,2.31852,11721.0,319.0,67.0,1,0.0,0,Normal,2025-12-05 14:09:38.191
34858B,ICA34858B,41.5399,1.8511,4436.0,89.0,301.0,0,0.0,0,Normal,2025-12-05 14:09:37.554
34858B,ICA34858B,41.53992,1.8511,4436.0,89.0,301.0,1,0.0,0,Normal,2025-12-05 14:09:37.571
3532C1,ICA3532C1,40.18793,-3.1917,7054.0,269.0,27.0,0,0.0,0,Normal,2025-12-05 14:09:37.685
386D5D,FLR386D5D,46.91343,2.37702,2247.0,68.0,157.0,0,0.0,0,Normal,2025-12-05 14:09:37.613
38B0BC,FLR38B0BC,45.04222,2.64442,7316.0,101.0,90.0,0,0.0,0,Normal,2025-12-05 14:09:37.542
38B0BC,FLR38B0BC,45.04222,2.64508,7316.0,101.0,90.0,1,51.21279031499213,0,Normal,2025-12-05 14:09:37.578
38B0BC,FLR38B0BC,45.04222,2.64573,7312.0,101.0,89.0,1,0.0,0,Normal,2025-12-05 14:09:37.590
38B0BC,FLR38B0BC,45.04222,2.6464,7312.0,101.0,89.0,1,0.0,0,Normal,2025-12-05 14:09:38.077
38B6FC,ICA38B6FC,50.39668,3.77983,2127.0,124.0,150.0,0,0.0,0,Normal,2025-12-05 14:09:37.954
38B93D,F-JDVO,44.36803,-1.10657,436.0,68.0,271.0,0,0.0,0,Normal,2025-12-05 14:09:38.129
38C15B,ICA38C15B,45.5582,5.97715,932.0,18.0,136.0,0,0.0,0,Normal,2025-12-05 14:09:38.188
38E89C,FLR38E89C,51.16273,3.61423,2454.0,151.0,350.0,0,0.0,0,Normal,2025-12-05 14:09:36.769
38E89C,FLR38E89C,51.16343,3.61407,2444.0,151.0,351.0,1,0.0,0,Normal,2025-12-05 14:09:37.798
390D25,ICA390D25,50.68777,2.26503,2202.0,109.0,292.0,0,0.0,0,Normal,2025-12-05 14:09:37.456
390D25,ICA390D25,50.68777,2.26503,2227.0,108.0,293.0,1,0.0,0,Normal,2025-12-05 14:09:37.465
39214D,FLR39214D,45.874,5.19063,2099.0,83.0,81.0,0,0.0,0,Normal,2025-12-05 14:09:37.633
39295D,ICA39295D,44.46253,3.54007,4233.0,55.0,13.0,0,0.0,0,Normal,2025-12-05 14:09:37.373
392AEC,F-GKXM,49.09118,10.95178,35218.0,438.0,285.0,0,0.0,0,Normal,2025-12-05 14:09:37.915
3932FB,F-CVRB,43.93255,3.82958,6261.0,83.0,188.0,0,0.0,0,Normal,2025-12-05 14:09:37.509
393322,F-GMZC,45.10112,1.77672,31424.0,502.0,175.0,0,0.0,0,Normal,2025-12-05 14:09:37.950
393322,F-GMZC,45.10108,1.77673,31410.0,502.0,175.0,1,0.0,0,Normal,2025-12-05 14:09:38.039
393323,F-GMZD,45.35003,5.93672,33114.0,378.0,343.0,0,0.0,0,Normal,2025-12-05 14:09:38.018
39489C,FLR39489C,47.40857,6.99355,2883.0,75.0,72.0,0,0.0,0,Normal,2025-12-05 14:09:37.768
395149,ICA395149,45.85065,-0.60342,2132.0,154.0,338.0,0,0.0,0,Normal,2025-12-05 14:09:37.973
395184,F-GUME,47.67525,-1.4942,15548.0,226.0,158.0,0,0.0,0,Normal,2025-12-05 14:09:37.250
395184,F-GUME,47.67523,-1.49418,15545.0,226.0,158.0,1,0.0,0,Normal,2025-12-05 14:09:37.271
395184,F-GUME,47.6753,-1.49417,15561.0,226.0,158.0,1,0.0,0,Normal,2025-12-05 14:09:37.789
3965A5,F-GZNF,49.57622,4.12657,17206.0,309.0,249.0,0,0.0,0,Normal,2025-12-05 14:09:37.066
3985A6,F-HBNG,43.61187,1.37955,685.0,129.0,323.0,0,0.0,0,Normal,2025-12-05 14:09:38.229
3986E6,F-HBXG,47.30583,-1.43418,3420.0,173.0,220.0,0,0.0,0,Normal,2025-12-05 14:09:36.666
39883D,FLR39883D,49.29573,1.94763,1171.0,66.0,160.0,0,0.0,0,Normal,2025-12-05 14:09:37.592
39895D,FLR39895D,50.42427,1.5822,475.0,69.0,321.0,0,0.0,0,Normal,2025-12-05 14:09:36.694
39895D,FLR39895D,50.4245,1.58187,488.0,68.0,319.0,1,0.0,0,Normal,2025-12-05 14:09:37.810
39D2AB,ICA39D2AB,49.57882,2.30235,17112.0,350.0,339.0,0,0.0,0,Normal,2025-12-05 14:09:38.041
39E40C,ICA39E40C,43.73147,1.7276,2514.0,105.0,76.0,0,0.0,0,Normal,2025-12-05 14:09:38.057
39E693,ICA39E693,48.38013,4.0756,15886.0,292.0,305.0,0,0.0,0,Normal,2025-12-05 14:09:37.812
39E695,ICA39E695,47.11155,-1.55393,4403.0,256.0,80.0,0,0.0,0,Normal,2025-12-05 14:09:36.983
3AABFA,156,47.99542,-0.55568,18839.0,283.0,94.0,0,0.0,0,Normal,2025-12-05 14:09:37.640
3B753E,XY,44.04337,5.987,2563.0,58.0,58.0,0,0.0,0,Normal,2025-12-05 14:09:38.236
3B75F4,ICA3B75F4,45.6508,-0.3219,1496.0,176.0,203.0,0,0.0,0,Normal,2025-12-05 14:09:37.448
3B7BA8,ICA3B7BA8,45.88922,6.09828,2251.0,106.0,174.0,0,0.0,0,Normal,2025-12-05 14:09:37.434
3C0ACB,ICA3C0ACB,48.20045,8.5172,17152.0,390.0,180.0,0,0.0,0,Normal,2025-12-05 14:09:38.088
3C0D0C,ICA3C0D0C,27.83102,-15.14527,8112.0,289.0,265.0,0,0.0,0,Normal,2025-12-05 14:09:37.588
3C1459,ICA3C1459,51.33952,6.8779,1617.0,137.0,233.0,0,0.0,0,Normal,2025-12-05 14:09:38.270
3C1C82,ICA3C1C82,50.80838,19.50163,17337.0,369.0,243.0,0,0.0,0,Normal,2025-12-05 14:09:38.199
3C1C82,ICA3C1C82,50.8084,19.50168,17302.0,369.0,243.0,1,0.0,0,Normal,2025-12-05 14:09:38.204
3C4595,ICA3C4595,51.17195,12.53652,20350.0,390.0,109.0,0,0.0,0,Normal,2025-12-05 14:09:37.437
3C48EE,D-ABGN,51.59038,6.97248,15059.0,381.0,39.0,0,0.0,0,Normal,2025-12-05 14:09:37.832
3C48EE,D-ABGN,51.5904,6.97252,15075.0,381.0,39.0,1,0.0,0,Normal,2025-12-05 14:09:37.852
3C4A12,ICA3C4A12,49.06733,10.90798,23593.0,426.0,317.0,0,0.0,0,Normal,2025-12-05 14:09:36.914
3C4A12,ICA3C4A12,49.0673,10.90802,23593.0,426.0,317.0,1,0.0,0,Normal,2025-12-05 14:09:36.938
3C56ED,D-AEWM,50.80102,10.70957,32268.0,453.0,62.0,0,0.0,0,Normal,2025-12-05 14:09:37.565
3C56ED,D-AEWM,50.80095,10.70938,32271.0,453.0,62.0,1,0.0,0,Normal,2025-12-05 14:09:37.641
3C56F1,D-AEWQ,53.25267,9.85482,14591.0,347.0,180.0,0,0.0,0,Normal,2025-12-05 14:09:36.972
3C56F1,D-AEWQ,53.25097,9.85482,14643.0,348.0,180.0,1,0.0,0,Normal,2025-12-05 14:09:38.180
3C5EE5,D-AGWE,49.09395,9.20485,19632.0,388.0,14.0,0,0.0,0,Normal,2025-12-05 14:09:37.707
3C5EE5,D-AGWE,49.09573,9.20548,19664.0,388.0,14.0,1,0.0,0,Normal,2025-12-05 14:09:38.074
3C6445,D-AIBE,50.71767,11.39197,29393.0,415.0,259.0,0,0.0,0,Normal,2025-12-05 14:09:36.916
3C6446,D-AIBF,50.3207,9.0713,9516.0,298.0,202.0,0,0.0,0,Normal,2025-12-05 14:09:37.432
3C6446,D-AIBF,50.32075,9.07133,9519.0,298.0,202.0,1,0.0,0,Normal,2025-12-05 14:09:37.451
3C6469,D-AICI,48.38405,12.04787,4533.0,173.0,263.0,0,0.0,0,Normal,2025-12-05 14:09:36.894
3C6473,ICA3C6473,50.04202,8.14745,10747.0,352.0,69.0,0,0.0,0,Normal,2025-12-05 14:09:36.968
3C6473,ICA3C6473,50.04202,8.14743,10747.0,354.0,69.0,1,0.0,0,Normal,2025-12-05 14:09:37.050
3C6473,ICA3C6473,50.0426,8.1498,10722.0,352.0,69.0,1,0.0,0,Normal,2025-12-05 14:09:37.981
3C64AF,ICA3C64AF,48.97543,8.13172,26359.0,414.0,196.0,0,0.0,0,Normal,2025-12-05 14:09:37.824
3C64AF,ICA3C64AF,48.97542,8.13172,26366.0,415.0,196.0,1,0.0,0,Normal,2025-12-05 14:09:37.839
3C64B0,ICA3C64B0,49.74393,8.02583,11406.0,374.0,51.0,0,0.0,0,Normal,2025-12-05 14:09:38.148
3C6542,ICA3C6542,63.83675,-21.01872,11029.0,312.0,264.0,0,0.0,0,Normal,2025-12-05 14:09:37.236
3C6542,ICA3C6542,63.83675,-21.01868,11029.0,312.0,264.0,1,0.9843404186261813,0,Normal,2025-12-05 14:09:37.241
3C6542,ICA3C6542,63.83675,-21.0187,11029.0,312.0,264.0,1,0.0,0,Normal,2025-12-05 14:09:37.296
3C6542,ICA3C6542,63.83677,-21.01883,11064.0,312.0,264.0,1,5.854967630611718,0,Normal,2025-12-05 14:09:37.755
3C6542,ICA3C6542,63.83657,-21.0223,11003.0,312.0,264.0,1,0.0,0,Normal,2025-12-05 14:09:38.291
3C6584,D-AILD,50.65248,9.21368,13818.0,343.0,187.0,0,0.0,0,Normal,2025-12-05 14:09:37.527
3C6584,D-AILD,50.65085,9.21337,13807.0,343.0,187.0,1,0.0,0,Normal,2025-12-05 14:09:38.098
3C6643,D-AIRC,40.75827,11.47472,34218.0,471.0,154.0,0,0.0,0,Normal,2025-12-05 14:09:36.888
3C664C,D-AIRL,53.33375,9.9525,34004.0,470.0,27.0,0,0.0,0,Normal,2025-12-05 14:09:37.482
3C664C,D-AIRL,53.33372,9.95247,33971.0,470.0,27.0,1,0.0,0,Normal,2025-12-05 14:09:37.488
3C664C,D-AIRL,53.33363,9.95235,33987.0,470.0,27.0,1,0.0,0,Normal,2025-12-05 14:09:37.936
3C66A1,D-AIUA,49.08618,8.3293,26207.0,410.0,199.0,0,0.0,0,Normal,2025-12-05 14:09:36.765
3C66A1,D-AIUA,49.08438,8.32835,26261.0,410.0,199.0,1,0.0,0,Normal,2025-12-05 14:09:37.833
3C66EA,ICA3C66EA,50.07177,9.04357,5657.0,281.0,324.0,0,0.0,0,Normal,2025-12-05 14:09:37.109
3C66EA,ICA3C66EA,50.07175,9.04353,5668.0,281.0,324.0,1,3.6261351709594476,0,Normal,2025-12-05 14:09:37.538
3C66EA,ICA3C66EA,50.0717,9.04358,5693.0,282.0,325.0,1,0.0,0,Normal,2025-12-05 14:09:37.560
3C66EA,ICA3C66EA,50.07273,9.04243,5654.0,281.0,324.0,1,0.0,0,Normal,2025-12-05 14:09:38.116
3C674E,D-AIZN,51.18378,7.80097,14182.0,385.0,297.0,0,0.0,0,Normal,2025-12-05 14:09:36.691
3C674E,D-AIZN,51.18462,7.79845,14158.0,390.0,298.0,1,2.6279722914222656,0,Normal,2025-12-05 14:09:37.334
3C674E,D-AIZN,51.1846,7.79847,14133.0,382.0,298.0,1,0.0,0,Normal,2025-12-05 14:09:37.337
3C674E,D-AIZN,51.18512,7.79692,14127.0,382.0,298.0,1,0.0,0,Normal,2025-12-05 14:09:38.063
3C6917,ICA3C6917,51.78345,11.30182,34209.0,440.0,101.0,0,0.0,0,Normal,2025-12-05 14:09:37.064
3C7981,ICA3C7981,47.96375,15.86443,12554.0,328.0,97.0,0,0.0,0,Normal,2025-12-05 14:09:38.119
3C7981,ICA3C7981,47.96375,15.8644,12561.0,327.0,97.0,1,0.0,0,Normal,2025-12-05 14:09:38.121
3CC8C8,ICA3CC8C8,39.15918,-4.28748,41861.0,403.0,225.0,0,0.0,0,Normal,2025-12-05 14:09:36.992
3CC8C8,ICA3CC8C8,39.15785,-4.28922,41854.0,403.0,225.0,1,0.0,0,Normal,2025-12-05 14:09:37.663
3CD71C,ICA3CD71C,48.66322,11.38867,6598.0,207.0,228.0,0,0.0,0,Normal,2025-12-05 14:09:37.461
3CEA40,ICA3CEA40,49.73283,9.50848,39293.0,440.0,294.0,0,0.0,0,Normal,2025-12-05 14:09:37.748
3CEA40,ICA3CEA40,49.73283,9.50852,39296.0,440.0,294.0,1,0.0,0,Normal,2025-12-05 14:09:37.784
3CF19D,D-CSUN,41.40485,-1.48572,30922.0,433.0,216.0,0,0.0,0,Normal,2025-12-05 14:09:37.307
3CF19D,D-CSUN,41.4049,-1.48562,30929.0,433.0,216.0,1,0.0,0,Normal,2025-12-05 14:09:37.689
3CF19D,D-CSUN,41.40323,-1.48727,30912.0,435.0,216.0,1,0.0,0,Normal,2025-12-05 14:09:38.178
3D0565,FLR3D0565,52.19115,9.99238,892.0,66.0,186.0,0,0.0,0,Normal,2025-12-05 14:09:36.931
3D0565,FLR3D0565,52.19083,9.99232,889.0,66.0,187.0,1,0.0,0,Normal,2025-12-05 14:09:37.966
3D0831,ICA3D0831,50.46707,7.22878,2805.0,112.0,135.0,0,0.0,0,Normal,2025-12-05 14:09:37.232
3D1525,ICA3D1525,52.09333,10.91842,2131.0,98.0,13.0,0,0.0,0,Normal,2025-12-05 14:09:36.910
3D1525,ICA3D1525,52.09375,10.91852,2134.0,97.0,7.0,1,0.0,0,Normal,2025-12-05 14:09:37.608
3D1525,ICA3D1525,52.09375,10.91855,2130.0,96.0,5.0,1,0.0,0,Normal,2025-12-05 14:09:37.943
3D19FE,D-EICC,48.01892,7.8346,758.0,30.0,160.0,0,0.0,0,Normal,2025-12-05 14:09:38.103
3D21C2,D-ELAO,51.54245,6.63132,4321.0,206.0,19.0,0,0.0,0,Normal,2025-12-05 14:09:37.441
3D2CE0,ICA3D2CE0,47.7425,17.74095,5899.0,137.0,111.0,0,0.0,0,Normal,2025-12-05 14:09:37.626
3D34EB,ICA3D34EB,52.20978,9.9885,1080.0,80.0,184.0,0,0.0,0,Normal,2025-12-05 14:09:37.999
3D3720,ICA3D3720,50.63777,7.07092,2496.0,93.0,105.0,0,0.0,0,Normal,2025-12-05 14:09:37.191
3D3AAE,ICA3D3AAE,48.36677,11.97083,10777.0,160.0,120.0,0,0.0,0,Normal,2025-12-05 14:09:37.220
3D4CA3,ICA3D4CA3,47.25888,11.57505,20264.0,279.0,3.0,0,0.0,0,Normal,2025-12-05 14:09:38.100
3D4D2C,ICA3D4D2C,51.27453,6.309,1952.0,176.0,335.0,0,0.0,0,Normal,2025-12-05 14:09:37.005
3D4D2C,ICA3D4D2C,51.27455,6.309,1946.0,177.0,335.0,1,0.0,0,Normal,2025-12-05 14:09:37.025
3D4E36,ICA3D4E36,50.68667,8.12212,3321.0,143.0,128.0,0,0.0,0,Normal,2025-12-05 14:09:38.260
3D7A5B,ICA3D7A5B,52.11833,10.5126,20665.0,297.0,69.0,0,0.0,0,Normal,2025-12-05 14:09:37.651
3DD37F,FLR3DD37F,63.99643,-16.92892,570.0,83.0,229.0,0,0.0,0,Normal,2025-12-05 14:09:36.703
3DD37F,FLR3DD37F,63.99622,-16.9295,580.0,77.0,231.0,1,0.0,0,Normal,2025-12-05 14:09:37.728
3E1A67,ICA3E1A67,49.10755,9.93383,42293.0,399.0,37.0,0,0.0,0,Normal,2025-12-05 14:09:37.204
3E1A67,ICA3E1A67,49.10763,9.93398,42293.0,399.0,37.0,1,0.0,0,Normal,2025-12-05 14:09:37.782
3E2793,ICA3E2793,51.613,7.36737,16556.0,265.0,57.0,0,0.0,0,Normal,2025-12-05 14:09:36.958
3E2793,ICA3E2793,51.61363,7.36892,16546.0,268.0,56.0,1,0.0,0,Normal,2025-12-05 14:09:38.237
3E27AC,ICA3E27AC,51.43102,13.84637,3337.0,150.0,304.0,0,0.0,0,Normal,2025-12-05 14:09:37.978
3E38C5,ICA3E38C5,47.94323,15.33908,11768.0,172.0,276.0,0,0.0,0,Normal,2025-12-05 14:09:36.737
3E46D6,D-ISAG,48.87587,9.34582,40321.0,421.0,218.0,0,0.0,0,Normal,2025-12-05 14:09:37.331
3E5C8C,D-KAGA,52.32367,10.18497,203.0,42.0,273.0,0,0.0,0,Normal,2025-12-05 14:09:38.064
3E637D,D-KCWJ,-23.9767,17.99873,13319.0,66.0,36.0,0,0.0,0,Normal,2025-12-05 14:09:36.730
3E647C,F-CFEE,44.23848,5.99742,4692.0,55.0,66.0,0,0.0,0,Normal,2025-12-05 14:09:37.412
3E647C,F-CFEE,44.23858,5.99773,4695.0,55.0,66.0,1,0.0,0,Normal,2025-12-05 14:09:38.126
3E65BB,D-KDSL,-23.45263,17.73285,14867.0,99.0,332.0,0,0.0,0,Normal,2025-12-05 14:09:37.871
3E675D,D-KEIN,-33.56008,19.37663,5873.0,81.0,251.0,0,0.0,0,Normal,2025-12-05 14:09:38.078
3E675D,D-KEIN,-33.56008,19.37663,5873.0,81.0,251.0,1,0.0,0,Normal,2025-12-05 14:09:38.189
3E6C7C,D-KGGY,-24.13085,17.72602,11333.0,100.0,267.0,0,0.0,0,Normal,2025-12-05 14:09:36.731
3E6C7C,D-KGGY,-24.13087,17.72552,11320.0,100.0,267.0,1,0.0,0,Normal,2025-12-05 14:09:37.872
3E7378,D-KIXS,-24.2038,17.47997,15396.0,63.0,84.0,0,0.0,0,Normal,2025-12-05 14:09:36.732
3E7378,D-KIXS,-24.20378,17.4803,15415.0,62.0,92.0,1,0.0,0,Normal,2025-12-05 14:09:37.873
3E79D0,D-KLIE,-23.12322,18.42087,13532.0,76.0,263.0,0,0.0,0,Normal,2025-12-05 14:09:36.732
3E79D0,D-KLIE,-23.1232,18.4205,13545.0,73.0,277.0,1,0.0,0,Normal,2025-12-05 14:09:37.874
3E7C48,D-KMGM,-24.31828,18.68652,13040.0,86.0,82.0,0,0.0,0,Normal,2025-12-05 14:09:37.874
3EBE12,ICA3EBE12,52.5692,12.21195,15144.0,378.0,89.0,0,0.0,0,Normal,2025-12-05 14:09:36.673
3EBE12,ICA3EBE12,52.5692,12.21193,15144.0,378.0,89.0,1,0.0,0,Normal,2025-12-05 14:09:36.685
3ECB23,D-KRWT,-23.54182,17.8994,13302.0,100.0,116.0,0,0.0,0,Normal,2025-12-05 14:09:37.875
3ED88F,D-KWYX,-25.00188,19.15003,13860.0,119.0,350.0,0,0.0,0,Normal,2025-12-05 14:09:36.733
3ED88F,D-KWYX,-25.00133,19.14993,13853.0,119.0,350.0,1,0.0,0,Normal,2025-12-05 14:09:37.876
3FED02,ICA3FED02,51.01565,6.32325,1371.0,109.0,165.0,0,0.0,0,Normal,2025-12-05 14:09:37.816
3FF116,ICA3FF116,47.9141,7.6683,2031.0,80.0,53.0,0,0.0,0,Normal,2025-12-05 14:09:38.110
3FF1A1,ICA3FF1A1,52.60835,10.25977,1997.0,0.0,0.0,0,0.0,0,Normal,2025-12-05 14:09:37.128
3FF1A1,ICA3FF1A1,52.60835,10.25977,1984.0,0.0,0.0,1,0.0,0,Normal,2025-12-05 14:09:38.113
3FF7E5,ICA3FF7E5,50.74722,7.17347,1089.0,83.0,261.0,0,0.0,0,Normal,2025-12-05 14:09:37.444
3FF8AB,D-MNKP,51.01525,7.03878,1030.0,79.0,327.0,0,0.0,0,Normal,2025-12-05 14:09:37.920
3FFCCD,ICA3FFCCD,52.69587,10.04547,1736.0,89.0,187.0,0,0.0,0,Normal,2025-12-05 14:09:37.678
40093F,G-EUOG,51.04202,-1.2572,11980.0,314.0,213.0,0,0.0,0,Normal,2025-12-05 14:09:37.960
400A7C,G-DBCC,49.44353,12.39313,36218.0,439.0,109.0,0,0.0,0,Normal,2025-12-05 14:09:37.329
400E8E,G-BYWK,53.07465,-0.6485,4400.0,75.0,283.0,0,0.0,0,Normal,2025-12-05 14:09:37.151
400E8E,G-BYWK,53.07465,-0.6485,4400.0,75.0,283.0,1,0.0,0,Normal,2025-12-05 14:09:37.287
400E8E,G-BYWK,53.07473,-0.64905,4413.0,75.0,283.0,1,0.0,0,Normal,2025-12-05 14:09:38.194
400E8E,G-BYWK,53.07473,-0.64905,4413.0,75.0,283.0,1,0.0,0,Normal,2025-12-05 14:09:38.264
400E9B,G-BYWX,52.37763,-0.34292,1313.0,64.0,90.0,0,0.0,0,Normal,2025-12-05 14:09:37.106
400E9B,G-BYWX,52.37763,-0.34292,1313.0,64.0,90.0,1,0.0,0,Normal,2025-12-05 14:09:37.292
400E9B,G-BYWX,52.37763,-0.34292,1313.0,64.0,90.0,1,0.0,0,Normal,2025-12-05 14:09:37.576
400E9B,G-BYWX,52.37763,-0.34243,1329.0,63.0,90.0,1,0.0,0,Normal,2025-12-05 14:09:38.133
400EA2,G-BYXE,56.2776,-2.83173,2937.0,84.0,222.0,0,0.0,0,Normal,2025-12-05 14:09:37.367
400EA5,G-BYXH,52.1759,-0.88978,3180.0,141.0,312.0,0,0.0,0,Normal,2025-12-05 14:09:37.152
400EB3,G-BYXZ,52.48988,-0.28938,1920.0,90.0,269.0,0,0.0,0,Normal,2025-12-05 14:09:37.107
400EB3,G-BYXZ,52.48988,-0.28938,1920.0,90.0,269.0,1,0.0,0,Normal,2025-12-05 14:09:37.292
400EB3,G-BYXZ,52.48988,-0.28938,1920.0,90.0,269.0,1,0.0,0,Normal,2025-12-05 14:09:37.580
400EC8,G-BYUD,54.4268,-1.27463,3593.0,73.0,141.0,0,0.0,0,Normal,2025-12-05 14:09:37.065
400EC8,G-BYUD,54.4268,-1.27463,3593.0,73.0,141.0,1,0.0,0,Normal,2025-12-05 14:09:37.079
400EC8,G-BYUD,54.4268,-1.27463,3593.0,73.0,141.0,1,0.0,0,Normal,2025-12-05 14:09:37.355
400EC8,G-BYUD,54.4268,-1.27463,3593.0,73.0,141.0,1,0.0,0,Normal,2025-12-05 14:09:37.471
400EC8,G-BYUD,54.42655,-1.27423,3547.0,76.0,133.0,1,0.0,0,Normal,2025-12-05 14:09:38.129
400EC8,G-BYUD,54.42655,-1.27423,3547.0,76.0,133.0,1,0.0,0,Normal,2025-12-05 14:09:38.252
400EC9,G-BYUE,52.84797,-0.37623,4905.0,61.0,130.0,0,0.0,0,Normal,2025-12-05 14:09:37.090
400EC9,G-BYUE,52.84797,-0.37623,4905.0,61.0,130.0,1,0.0,0,Normal,2025-12-05 14:09:37.181
400EC9,G-BYUE,52.84797,-0.37623,4905.0,61.0,130.0,1,0.0,0,Normal,2025-12-05 14:09:37.293
400ED3,G-BYUO,52.9479,-0.32167,7137.0,81.0,118.0,0,0.0,0,Normal,2025-12-05 14:09:37.163
400ED3,G-BYUO,52.9479,-0.32167,7137.0,81.0,118.0,1,0.0,0,Normal,2025-12-05 14:09:37.293
400ED3,G-BYUO,52.9479,-0.32167,7137.0,81.0,118.0,1,0.0,0,Normal,2025-12-05 14:09:37.335
40111C,G-DKNY,53.03237,-1.13788,1584.0,143.0,340.0,0,0.0,0,Normal,2025-12-05 14:09:36.906
40111C,G-DKNY,53.03235,-1.13788,1585.0,142.0,340.0,1,0.0,0,Normal,2025-12-05 14:09:38.027
40111C,G-DKNY,53.03375,-1.1388,1564.0,143.0,339.0,1,0.0,0,Normal,2025-12-05 14:09:38.068
401E9D,FLR401E9D,52.25703,0.27372,1394.0,98.0,229.0,0,0.0,0,Normal,2025-12-05 14:09:37.274
401E9D,FLR401E9D,52.25703,0.27372,1394.0,98.0,229.0,1,0.0,0,Normal,2025-12-05 14:09:38.033
402E21,ICA402E21,51.82335,-1.326,750.0,76.0,203.0,0,0.0,0,Normal,2025-12-05 14:09:38.156
40317C,FLR40317C,52.43512,1.45015,2312.0,97.0,69.0,0,0.0,0,Normal,2025-12-05 14:09:36.706
40317C,FLR40317C,52.43527,1.45085,2306.0,97.0,71.0,1,0.0,0,Normal,2025-12-05 14:09:37.694
4031CD,FLR4031CD,52.60658,-1.03295,413.0,44.0,149.0,0,0.0,0,Normal,2025-12-05 14:09:37.020
4035E1,G-BUFY,52.17648,-1.11872,1938.0,56.0,151.0,0,0.0,0,Normal,2025-12-05 14:09:37.882
404B8C,FLR404B8C,54.85228,-3.37758,524.0,77.0,177.0,0,0.0,0,Normal,2025-12-05 14:09:36.689
404B8C,FLR404B8C,54.85193,-3.37753,524.0,75.0,177.0,1,0.0,0,Normal,2025-12-05 14:09:37.727
405F7F,G-LPIN,52.21907,-0.1487,1784.0,56.0,265.0,0,0.0,0,Normal,2025-12-05 14:09:37.697
405F7F,G-LPIN,52.21902,-0.14885,1784.0,56.0,266.0,1,0.0,0,Normal,2025-12-05 14:09:38.031
406015,G-EZTK,52.83582,7.78073,36084.0,463.0,92.0,0,0.0,0,Normal,2025-12-05 14:09:37.616
4067BC,FLR4067BC,52.07345,-0.24567,137.0,42.0,134.0,0,0.0,0,Normal,2025-12-05 14:09:37.913
4068B3,G-SHBA,52.23975,-1.2749,1856.0,64.0,117.0,0,0.0,0,Normal,2025-12-05 14:09:38.203
4069DC,G-CICC,51.83105,-0.67108,1824.0,54.0,183.0,0,0.0,0,Normal,2025-12-05 14:09:37.074
4069DC,G-CICC,51.8311,-0.6713,1824.0,54.0,183.0,1,0.0,0,Normal,2025-12-05 14:09:37.559
4069DC,G-CICC,51.8308,-0.67107,1871.0,54.0,183.0,1,0.0,0,Normal,2025-12-05 14:09:37.600
4069DC,G-CICC,51.8311,-0.6713,1824.0,54.0,183.0,1,0.0,0,Normal,2025-12-05 14:09:37.608
406A02,G-EUYS,51.62707,-0.64998,9347.0,317.0,24.0,0,0.0,0,Normal,2025-12-05 14:09:37.550
406A02,G-EUYS,51.62708,-0.64998,9319.0,317.0,24.0,1,0.0,0,Normal,2025-12-05 14:09:37.558
406D90,G-EZOK,53.51533,-3.13452,17119.0,356.0,295.0,0,0.0,0,Normal,2025-12-05 14:09:38.070
406FAB,FLR406FAB,54.00743,-0.94488,679.0,36.0,93.0,0,0.0,0,Normal,2025-12-05 14:09:36.970
406FAB,FLR406FAB,54.00742,-0.9446,682.0,36.0,97.0,1,0.0,0,Normal,2025-12-05 14:09:38.010
4073A0,ICA4073A0,51.11152,12.0825,32057.0,438.0,104.0,0,0.0,0,Normal,2025-12-05 14:09:37.946
4073E0,ICA4073E0,53.52753,-2.06395,23354.0,263.0,345.0,0,0.0,0,Normal,2025-12-05 14:09:37.599
4075BB,ICA4075BB,53.2357,-1.92533,8499.0,300.0,352.0,0,0.0,0,Normal,2025-12-05 14:09:37.385
40768C,ICA40768C,53.15995,-2.46805,10379.0,305.0,186.0,0,0.0,0,Normal,2025-12-05 14:09:37.548
4076DA,ICA4076DA,52.2678,-0.8332,12257.0,337.0,329.0,0,0.0,0,Normal,2025-12-05 14:09:38.182
4078B7,ICA4078B7,53.17113,-1.5158,11160.0,252.0,336.0,0,0.0,0,Normal,2025-12-05 14:09:36.842
4079CC,ICA4079CC,49.14172,12.34375,36343.0,482.0,112.0,0,0.0,0,Normal,2025-12-05 14:09:36.827
4079CD,ICA4079CD,50.40327,10.92052,37243.0,478.0,289.0,0,0.0,0,Normal,2025-12-05 14:09:37.347
407B8F,ICA407B8F,49.03242,10.41582,25197.0,402.0,133.0,0,0.0,0,Normal,2025-12-05 14:09:37.619
407B8F,ICA407B8F,49.03243,10.4158,25197.0,402.0,133.0,1,0.0,0,Normal,2025-12-05 14:09:37.628
407F24,FLR407F24,52.94792,-0.13658,1742.0,50.0,135.0,0,0.0,0,Normal,2025-12-05 14:09:37.229
407F62,ICA407F62,48.09227,10.0738,36343.0,459.0,129.0,0,0.0,0,Normal,2025-12-05 14:09:38.021
407F62,ICA407F62,48.09228,10.07377,36343.0,459.0,129.0,1,0.0,0,Normal,2025-12-05 14:09:38.024
407F62,ICA407F62,48.09235,10.07363,36346.0,459.0,129.0,1,0.0,0,Normal,2025-12-05 14:09:38.131
407FDA,ICA407FDA,49.38903,8.76363,34271.0,466.0,120.0,0,0.0,0,Normal,2025-12-05 14:09:37.158
407FDA,ICA407FDA,49.38903,8.7636,34268.0,466.0,120.0,1,0.0,0,Normal,2025-12-05 14:09:37.659
4080A2,ICA4080A2,50.26772,7.91855,39239.0,468.0,292.0,0,0.0,0,Normal,2025-12-05 14:09:37.323
4081A1,ICA4081A1,39.46562,-8.77075,15126.0,366.0,213.0,0,0.0,0,Normal,2025-12-05 14:09:37.923
40822E,ICA40822E,48.20048,10.66462,37296.0,435.0,306.0,0,0.0,0,Normal,2025-12-05 14:09:38.273
408230,ICA408230,50.69943,1.49187,1853.0,91.0,246.0,0,0.0,0,Normal,2025-12-05 14:09:37.808
40823B,FLR40823B,51.92248,0.75162,2719.0,121.0,59.0,0,0.0,0,Normal,2025-12-05 14:09:37.339
40823B,FLR40823B,51.92248,0.75162,2719.0,121.0,59.0,1,0.0,0,Normal,2025-12-05 14:09:37.710
44004F,OE-LBQ,51.44447,6.8416,28827.0,446.0,130.0,0,0.0,0,Normal,2025-12-05 14:09:37.970
440291,ICA440291,41.96852,12.60875,2118.0,99.0,81.0,0,0.0,0,Normal,2025-12-05 14:09:37.585
44034B,ICA44034B,48.82872,12.2956,33318.0,484.0,21.0,0,0.0,0,Normal,2025-12-05 14:09:38.251
4403E6,ICA4403E6,51.61223,11.19248,31945.0,419.0,143.0,0,0.0,0,Normal,2025-12-05 14:09:37.506
440536,OE-GIE,49.96787,9.05307,35526.0,400.0,188.0,0,0.0,0,Normal,2025-12-05 14:09:36.767
440592,OE-FZD,51.1204,3.03817,28527.0,402.0,102.0,0,0.0,0,Normal,2025-12-05 14:09:37.702
4405A6,ICA4405A6,47.71447,7.59762,30389.0,420.0,127.0,0,0.0,0,Normal,2025-12-05 14:09:36.857
440605,ICA440605,47.98425,15.69928,13030.0,354.0,97.0,0,0.0,0,Normal,2025-12-05 14:09:37.830
440666,OE-LBJ,60.15433,10.82773,10844.0,351.0,201.0,0,0.0,0,Normal,2025-12-05 14:09:36.716
440666,OE-LBJ,60.15433,10.82775,10847.0,351.0,201.0,1,1.110798112392245,0,Normal,2025-12-05 14:09:36.776
440666,OE-LBJ,60.15435,10.82775,10843.0,351.0,201.0,1,2.4898161071760336,0,Normal,2025-12-05 14:09:36.799
440666,OE-LBJ,60.15277,10.82655,10841.0,353.0,201.0,1,0.0,0,Normal,2025-12-05 14:09:37.764
440666,OE-LBJ,60.15278,10.82655,10844.0,353.0,201.0,1,0.0,0,Normal,2025-12-05 14:09:37.817
440666,OE-LBJ,60.15277,10.82653,10841.0,353.0,201.0,1,1.11085073540825,0,Normal,2025-12-05 14:09:37.822
440666,OE-LBJ,60.15278,10.82655,10847.0,353.0,201.0,1,0.0,0,Normal,2025-12-05 14:09:37.827
44068A,OE-EGO,44.56392,2.0467,23051.0,246.0,238.0,0,0.0,0,Normal,2025-12-05 14:09:37.375
44068A,OE-EGO,44.56333,2.04542,23064.0,246.0,238.0,1,0.0,0,Normal,2025-12-05 14:09:38.231
4408A1,OE-XSR,47.95723,16.27615,997.0,61.0,311.0,0,0.0,0,Normal,2025-12-05 14:09:38.296
440CB1,ICA440CB1,49.53917,3.89853,16387.0,313.0,244.0,0,0.0,0,Normal,2025-12-05 14:09:37.423
440CB1,ICA440CB1,49.53918,3.89863,16415.0,313.0,244.0,1,0.0,0,Normal,2025-12-05 14:09:37.814
440D70,ICA440D70,50.37253,10.39852,22235.0,435.0,273.0,0,0.0,0,Normal,2025-12-05 14:09:36.940
440D70,ICA440D70,50.37262,10.39573,22199.0,435.0,273.0,1,0.0,0,Normal,2025-12-05 14:09:37.643
440DAF,ICA440DAF,40.63797,-3.57543,4235.0,185.0,180.0,0,0.0,0,Normal,2025-12-05 14:09:37.885
440DAF,ICA440DAF,40.63797,-3.57543,4234.0,185.0,180.0,1,0.0,0,Normal,2025-12-05 14:09:37.927
448466,ICA448466,50.63235,5.28835,6804.0,263.0,359.0,0,0.0,0,Normal,2025-12-05 14:09:37.224
448466,ICA448466,50.63237,5.28835,6805.0,263.0,359.0,1,0.0,0,Normal,2025-12-05 14:09:37.245
448466,ICA448466,50.63243,5.28843,6796.0,263.0,359.0,1,0.0,0,Normal,2025-12-05 14:09:37.723
44B674,ICA44B674,51.16938,4.26075,11621.0,248.0,281.0,0,0.0,0,Normal,2025-12-05 14:09:37.681
44B674,ICA44B674,51.16938,4.26077,11621.0,248.0,281.0,1,0.0,0,Normal,2025-12-05 14:09:37.753
44B674,ICA44B674,51.16962,4.25897,11640.0,248.0,281.0,1,0.0,0,Normal,2025-12-05 14:09:38.298
44C063,ICA44C063,50.43523,3.60767,11948.0,292.0,56.0,0,0.0,0,Normal,2025-12-05 14:09:37.364
44C063,ICA44C063,50.43515,3.60752,11930.0,292.0,56.0,1,0.0,0,Normal,2025-12-05 14:09:37.902
44CE66,OO-SSF,49.65743,7.8113,32438.0,399.0,306.0,0,0.0,0,Normal,2025-12-05 14:09:37.267
44CE66,OO-SSF,49.65743,7.81133,32434.0,399.0,306.0,1,0.0,0,Normal,2025-12-05 14:09:37.318
44CE66,OO-SSF,49.65848,7.80908,32440.0,399.0,306.0,1,0.0,0,Normal,2025-12-05 14:09:38.275
44CE8D,ICA44CE8D,50.3559,3.95297,1826.0,118.0,95.0,0,0.0,0,Normal,2025-12-05 14:09:37.062
452164,ICA452164,48.39018,11.35295,36465.0,435.0,125.0,0,0.0,0,Normal,2025-12-05 14:09:37.765
452186,ICA452186,38.05212,-1.42697,35754.0,455.0,215.0,0,0.0,0,Normal,2025-12-05 14:09:37.211
452186,ICA452186,38.05212,-1.42697,35786.0,455.0,215.0,1,0.0,0,Normal,2025-12-05 14:09:37.215
458846,ICA458846,56.5212,15.08338,44050.0,456.0,27.0,0,0.0,0,Normal,2025-12-05 14:09:37.044
458C4B,ICA458C4B,49.87442,9.67015,9809.0,256.0,187.0,0,0.0,0,Normal,2025-12-05 14:09:38.014
459CD3,ICA459CD3,55.75915,9.21377,2438.0,188.0,35.0,0,0.0,0,Normal,2025-12-05 14:09:37.842
45C203,ICA45C203,55.77273,11.23757,4757.0,127.0,90.0,0,0.0,0,Normal,2025-12-05 14:09:36.980
4601F7,OH-ATJ,60.23023,24.84138,3888.0,164.0,198.0,0,0.0,0,Normal,2025-12-05 14:09:38.095
46B434,ICA46B434,50.558,7.42595,25730.0,428.0,275.0,0,0.0,0,Normal,2025-12-05 14:09:36.787
46B82D,ICA46B82D,47.637,8.4591,36368.0,484.0,114.0,0,0.0,0,Normal,2025-12-05 14:09:37.948
46B830,ICA46B830,48.30968,9.26343,36321.0,466.0,144.0,0,0.0,0,Normal,2025-12-05 14:09:36.946
46B830,ICA46B830,48.30802,9.26523,36318.0,465.0,144.0,1,227.81584672979375,0,Normal,2025-12-05 14:09:36.998
46B830,ICA46B830,48.30967,9.2634,36318.0,465.0,143.0,1,0.0,0,Normal,2025-12-05 14:09:37.051
46B830,ICA46B830,48.30618,9.2672,36314.0,465.0,145.0,1,0.0,0,Normal,2025-12-05 14:09:38.084
471DB4,ICA471DB4,50.04543,19.5539,3632.0,176.0,79.0,0,0.0,0,Normal,2025-12-05 14:09:37.762
471DB4,ICA471DB4,50.0456,19.55515,3607.0,176.0,79.0,1,0.0,0,Normal,2025-12-05 14:09:38.208
471DB4,ICA471DB4,50.0456,19.55513,3614.0,176.0,79.0,1,0.0,0,Normal,2025-12-05 14:09:38.239
471DB4,ICA471DB4,50.0456,19.55513,3615.0,176.0,79.0,1,0.0,0,Normal,2025-12-05 14:09:38.248
471DB4,ICA471DB4,50.0456,19.55515,3614.0,176.0,79.0,1,0.0,0,Normal,2025-12-05 14:09:38.254
471DB6,ICA471DB6,50.50665,7.67373,28858.0,407.0,289.0,0,0.0,0,Normal,2025-12-05 14:09:38.222
471DBD,ICA471DBD,50.68042,10.43595,31218.0,444.0,293.0,0,0.0,0,Normal,2025-12-05 14:09:37.586
471DBD,ICA471DBD,50.68037,10.43613,31222.0,444.0,293.0,1,0.0,0,Normal,2025-12-05 14:09:37.645
471DBD,ICA471DBD,50.6812,10.43307,31188.0,444.0,293.0,1,0.0,0,Normal,2025-12-05 14:09:38.150
471F06,ICA471F06,50.6557,4.3593,10266.0,308.0,46.0,0,0.0,0,Normal,2025-12-05 14:09:36.761
471F06,ICA471F06,50.65583,4.3591,10274.0,322.0,67.0,1,20.227746798886944,0,Normal,2025-12-05 14:09:36.814
471F06,ICA471F06,50.65638,4.36125,10301.0,323.0,67.0,1,0.0,0,Normal,2025-12-05 14:09:37.744
471F06,ICA471F06,50.65702,4.36343,10310.0,323.0,67.0,1,0.0,0,Normal,2025-12-05 14:09:38.201
471F4A,HA-LWC,50.49947,18.7349,13592.0,359.0,293.0,0,0.0,0,Normal,2025-12-05 14:09:37.612
471F4A,HA-LWC,50.49947,18.73492,13591.0,359.0,293.0,1,0.0,0,Normal,2025-12-05 14:09:37.649
471F4A,HA-LWC,50.50008,18.73253,13651.0,359.0,293.0,1,0.0,0,Normal,2025-12-05 14:09:38.169
471F70,ICA471F70,51.40885,6.87878,14427.0,295.0,242.0,0,0.0,0,Normal,2025-12-05 14:09:37.490
471F70,ICA471F70,51.40883,6.8787,14430.0,295.0,242.0,1,0.0,0,Normal,2025-12-05 14:09:37.897
471F70,ICA471F70,51.40883,6.8787,14427.0,295.0,242.0,1,0.0,0,Normal,2025-12-05 14:09:37.931
471FA9,ICA471FA9,47.8365,17.16398,8722.0,288.0,69.0,0,0.0,0,Normal,2025-12-05 14:09:37.480
4727D8,ICA4727D8,47.50618,9.16868,37343.0,436.0,255.0,0,0.0,0,Normal,2025-12-05 14:09:37.504
478123,ICA478123,59.23347,5.24733,381.0,2.0,158.0,0,0.0,0,Normal,2025-12-05 14:09:37.137
478777,LN-KYV,62.29715,4.68908,3902.0,215.0,186.0,0,0.0,0,Normal,2025-12-05 14:09:36.936
47885F,ICA47885F,69.50358,19.59852,13612.0,271.0,243.0,0,0.0,0,Normal,2025-12-05 14:09:37.178
47A185,ICA47A185,60.6635,11.30412,14469.0,369.0,4.0,0,0.0,0,Normal,2025-12-05 14:09:37.638
47A185,ICA47A185,60.6652,11.30433,14511.0,370.0,4.0,1,0.0,0,Normal,2025-12-05 14:09:38.172
47BFC7,ICA47BFC7,59.39625,6.12408,2406.0,111.0,205.0,0,0.0,0,Normal,2025-12-05 14:09:37.552
47C2B5,ICA47C2B5,58.8473,5.58668,1707.0,85.0,218.0,0,0.0,0,Normal,2025-12-05 14:09:37.515
480733,FLR480733,47.82183,16.20852,1424.0,89.0,91.0,0,0.0,0,Normal,2025-12-05 14:09:36.743
484130,PH-BXA,51.99143,20.29288,16296.0,406.0,271.0,0,0.0,0,Normal,2025-12-05 14:09:37.661
484130,PH-BXA,51.99145,20.29287,16242.0,406.0,271.0,1,0.0,0,Normal,2025-12-05 14:09:37.986
4841A6,PH-BXT,52.19967,5.30337,11150.0,348.0,126.0,0,0.0,0,Normal,2025-12-05 14:09:36.674
4841A6,PH-BXT,52.19967,5.30337,11146.0,348.0,126.0,1,0.0,0,Normal,2025-12-05 14:09:36.679
4841A6,PH-BXT,52.19875,5.30545,11156.0,348.0,126.0,1,0.0,0,Normal,2025-12-05 14:09:37.222
484556,PH-BXY,49.74345,10.0664,37168.0,448.0,336.0,0,0.0,0,Normal,2025-12-05 14:09:37.343
484556,PH-BXY,49.74332,10.06648,37171.0,448.0,336.0,1,0.0,0,Normal,2025-12-05 14:09:37.450
484EE4,PH-HSD,52.51057,5.91073,13323.0,327.0,270.0,0,0.0,0,Normal,2025-12-05 14:09:37.470
484FDE,PH-BCD,51.40252,7.42847,34518.0,500.0,121.0,0,0.0,0,Normal,2025-12-05 14:09:37.218
4855D0,ICA4855D0,50.50577,8.29718,9993.0,336.0,121.0,0,0.0,0,Normal,2025-12-05 14:09:37.556
4855D0,ICA4855D0,50.50562,8.2976,9977.0,336.0,121.0,1,0.0,0,Normal,2025-12-05 14:09:37.792
4855D0,ICA4855D0,50.50565,8.29752,9978.0,336.0,121.0,1,0.0,0,Normal,2025-12-05 14:09:37.868
485789,ICA485789,49.9583,10.47557,34143.0,480.0,121.0,0,0.0,0,Normal,2025-12-05 14:09:37.691
485876,ICA485876,52.4478,6.10367,17384.0,333.0,281.0,0,0.0,0,Normal,2025-12-05 14:09:36.783
485F11,ICA485F11,50.984,5.21507,2096.0,102.0,312.0,0,0.0,0,Normal,2025-12-05 14:09:36.710
485F11,ICA485F11,50.98432,5.21452,2102.0,102.0,312.0,1,0.0,0,Normal,2025-12-05 14:09:37.367
485F11,ICA485F11,50.98433,5.21455,2099.0,101.0,312.0,1,0.0,0,Normal,2025-12-05 14:09:37.801
486492,ICA486492,51.67058,3.95213,13656.0,378.0,25.0,0,0.0,0,Normal,2025-12-05 14:09:37.682
4864ED,ICA4864ED,53.08827,9.39512,39043.0,423.0,258.0,0,0.0,0,Normal,2025-12-05 14:09:36.785
486741,ICA486741,51.242,10.25498,33343.0,457.0,297.0,0,0.0,0,Normal,2025-12-05 14:09:38.153
4867C3,ICA4867C3,51.98965,7.16058,33170.0,404.0,306.0,0,0.0,0,Normal,2025-12-05 14:09:37.737
486802,ICA486802,51.34158,8.01512,39184.0,429.0,324.0,0,0.0,0,Normal,2025-12-05 14:09:36.886
486871,ICA486871,53.09415,7.03235,4847.0,151.0,186.0,0,0.0,0,Normal,2025-12-05 14:09:36.831
488912,ICA488912,51.8007,2.44852,17023.0,294.0,264.0,0,0.0,0,Normal,2025-12-05 14:09:37.078
488912,ICA488912,51.8007,2.44852,17024.0,294.0,264.0,1,0.0,0,Normal,2025-12-05 14:09:37.118
488912,ICA488912,51.8007,2.4485,17023.0,294.0,264.0,1,0.0,0,Normal,2025-12-05 14:09:37.123
489788,SP-LDH,52.00892,20.76838,9148.0,273.0,244.0,0,0.0,0,Normal,2025-12-05 14:09:37.579
48A687,ICA48A687,52.4317,20.68613,1222.0,102.0,353.0,0,0.0,0,Normal,2025-12-05 14:09:36.816
48AD03,SP-LID,52.03188,21.08508,6134.0,261.0,150.0,0,0.0,0,Normal,2025-12-05 14:09:36.791
48AD03,SP-LID,52.03188,21.08507,6121.0,261.0,150.0,1,0.0,0,Normal,2025-12-05 14:09:36.793
48AD87,ICA48AD87,51.97243,20.98203,9846.0,312.0,359.0,0,0.0,0,Normal,2025-12-05 14:09:37.431
48ADA5,SP-LNF,51.75333,10.85372,35159.0,420.0,263.0,0,0.0,0,Normal,2025-12-05 14:09:36.883
48ADA6,ICA48ADA6,52.24717,20.63192,3747.0,222.0,58.0,0,0.0,0,Normal,2025-12-05 14:09:37.442
48ADAD,ICA48ADAD,51.72893,20.917,13176.0,349.0,6.0,0,0.0,0,Normal,2025-12-05 14:09:36.903
48ADAE,ICA48ADAE,52.25042,20.8204,6572.0,281.0,318.0,0,0.0,0,Normal,2025-12-05 14:09:37.487
48B063,ICA48B063,49.38505,-0.70228,32584.0,390.0,16.0,0,0.0,0,Normal,2025-12-05 14:09:37.284
48C124,ICA48C124,52.4304,20.43378,2769.0,173.0,81.0,0,0.0,0,Normal,2025-12-05 14:09:37.269
48C221,ICA48C221,48.18445,9.63302,37343.0,434.0,312.0,0,0.0,0,Normal,2025-12-05 14:09:37.455
48C221,ICA48C221,48.18443,9.63307,37343.0,434.0,312.0,1,0.0,0,Normal,2025-12-05 14:09:37.475
48C229,ICA48C229,52.36098,7.80483,36187.0,472.0,87.0,0,0.0,0,Normal,2025-12-05 14:09:37.459
48C2A3,ICA48C2A3,49.86262,10.41665,38271.0,461.0,119.0,0,0.0,0,Normal,2025-12-05 14:09:37.983
48C2AF,ICA48C2AF,47.05305,18.89433,15719.0,348.0,210.0,0,0.0,0,Normal,2025-12-05 14:09:37.968
48C2B1,ICA48C2B1,47.92897,16.49933,7684.0,257.0,140.0,0,0.0,0,Normal,2025-12-05 14:09:37.301
48C800,ICA48C800,47.04288,11.7037,22743.0,244.0,199.0,0,0.0,0,Normal,2025-12-05 14:09:38.103
491188,CS-DLH,50.49593,6.34828,29380.0,437.0,38.0,0,0.0,0,Normal,2025-12-05 14:09:38.220
4912C8,ICA4912C8,48.41125,2.44585,44493.0,404.0,201.0,0,0.0,0,Normal,2025-12-05 14:09:37.092
4912C8,ICA4912C8,48.40965,2.44492,44499.0,406.0,201.0,1,0.0,0,Normal,2025-12-05 14:09:38.091
494141,ICA494141,65.55387,19.36207,43591.0,391.0,223.0,0,0.0,0,Normal,2025-12-05 14:09:37.042
494141,ICA494141,65.55253,19.3591,43570.0,391.0,223.0,1,0.0,0,Normal,2025-12-05 14:09:37.551
494143,ICA494143,46.7752,-3.79203,42864.0,445.0,183.0,0,0.0,0,Normal,2025-12-05 14:09:37.383
494143,ICA494143,46.7753,-3.79202,42868.0,445.0,183.0,1,0.0,0,Normal,2025-12-05 14:09:37.850
497C82,ICA497C82,39.55685,-8.58278,8445.0,240.0,212.0,0,0.0,0,Normal,2025-12-05 14:09:37.624
49D0EB,ICA49D0EB,50.57867,4.86653,6092.0,235.0,246.0,0,0.0,0,Normal,2025-12-05 14:09:37.060
49D0EB,ICA49D0EB,50.57867,4.86658,6072.0,233.0,246.0,1,1.112401972223158,0,Normal,2025-12-05 14:09:37.466
49D0EB,ICA49D0EB,50.57868,4.86658,6076.0,234.0,246.0,1,0.0,0,Normal,2025-12-05 14:09:37.518
49D0EB,ICA49D0EB,50.57867,4.86653,6084.0,233.0,246.0,1,0.0,0,Normal,2025-12-05 14:09:37.938
49D508,ICA49D508,48.5153,-4.59085,44618.0,458.0,24.0,0,0.0,0,Normal,2025-12-05 14:09:36.949
49D5D6,ICA49D5D6,49.42348,3.47777,9702.0,280.0,250.0,0,0.0,0,Normal,2025-12-05 14:09:38.097
49D62D,ICA49D62D,52.21275,17.90248,40373.0,450.0,81.0,0,0.0,0,Normal,2025-12-05 14:09:36.942
49D62D,ICA49D62D,52.21307,17.90567,40380.0,450.0,81.0,1,0.0,0,Normal,2025-12-05 14:09:38.086
4A5653,ICA4A5653,49.76177,11.9665,34143.0,447.0,100.0,0,0.0,0,Normal,2025-12-05 14:09:36.721
4AB566,ICA4AB566,55.75238,9.61915,4013.0,225.0,273.0,0,0.0,0,Normal,2025-12-05 14:09:38.177
4AB569,ICA4AB569,50.05423,19.88398,5855.0,183.0,257.0,0,0.0,0,Normal,2025-12-05 14:09:36.822
4AB569,ICA4AB569,50.05423,19.88397,5862.0,183.0,257.0,1,0.71615074034684,0,Normal,2025-12-05 14:09:36.854
4AB569,ICA4AB569,50.05402,19.88267,5871.0,183.0,257.0,1,0.0,0,Normal,2025-12-05 14:09:37.462
4AB569,ICA4AB569,50.05402,19.88268,5871.0,183.0,257.0,1,0.7161538658281279,0,Normal,2025-12-05 14:09:37.485
4AB569,ICA4AB569,50.05402,19.88263,5886.0,183.0,257.0,1,0.0,0,Normal,2025-12-05 14:09:37.935
4AB56F,ICA4AB56F,58.1271,11.48175,12650.0,271.0,155.0,0,0.0,0,Normal,2025-12-05 14:09:36.763
4AB56F,ICA4AB56F,58.12712,11.48173,12647.0,271.0,155.0,1,0.0,0,Normal,2025-12-05 14:09:36.774
4AB5D5,ICA4AB5D5,62.32378,17.60342,4141.0,210.0,341.0,0,0.0,0,Normal,2025-12-05 14:09:37.150
4AB5D5,ICA4AB5D5,62.32467,17.60275,4139.0,206.0,340.0,1,0.0,0,Normal,2025-12-05 14:09:38.184
4AC8A8,ICA4AC8A8,55.68097,11.85175,7928.0,305.0,122.0,0,0.0,0,Normal,2025-12-05 14:09:36.944
4AC8A8,ICA4AC8A8,55.68022,11.85388,7931.0,305.0,122.0,1,0.0,0,Normal,2025-12-05 14:09:37.581
4AC9EC,ICA4AC9EC,63.57377,11.20038,7073.0,342.0,34.0,0,0.0,0,Normal,2025-12-05 14:09:37.424
4AC9EC,ICA4AC9EC,63.57373,11.20035,7073.0,342.0,34.0,1,0.0,0,Normal,2025-12-05 14:09:37.453
4AC9F2,ICA4AC9F2,55.43663,12.42365,12934.0,339.0,236.0,0,0.0,0,Normal,2025-12-05 14:09:37.929
4ACA0C,ICA4ACA0C,59.88238,10.67657,16431.0,383.0,197.0,0,0.0,0,Normal,2025-12-05 14:09:36.965
4ACA0C,ICA4ACA0C,59.88238,10.67657,16434.0,383.0,197.0,1,0.0,0,Normal,2025-12-05 14:09:37.022
4ACA0C,ICA4ACA0C,59.88238,10.67655,16437.0,383.0,197.0,1,0.0,0,Normal,2025-12-05 14:09:37.030
4ACA0C,ICA4ACA0C,59.88238,10.67655,16431.0,383.0,197.0,1,0.0,0,Normal,2025-12-05 14:09:37.032
4ACA0C,ICA4ACA0C,59.88242,10.67658,16444.0,383.0,197.0,1,4.491456311861328,0,Normal,2025-12-05 14:09:37.089
4ACA0C,ICA4ACA0C,59.88242,10.67658,16431.0,383.0,197.0,1,4.491456311861328,0,Normal,2025-12-05 14:09:37.126
4ACA0C,ICA4ACA0C,59.88232,10.67648,16447.0,383.0,197.0,1,0.0,0,Normal,2025-12-05 14:09:37.583
4ACA15,ICA4ACA15,53.41505,8.3277,37037.0,438.0,225.0,0,0.0,0,Normal,2025-12-05 14:09:36.683
4ACA63,ICA4ACA63,56.06968,12.51552,9300.0,337.0,195.0,0,0.0,0,Normal,2025-12-05 14:09:37.135
4ACA63,ICA4ACA63,56.06957,12.51542,9297.0,337.0,195.0,1,0.0,0,Normal,2025-12-05 14:09:37.647
4ACA74,ICA4ACA74,52.31417,21.13615,11917.0,315.0,20.0,0,0.0,0,Normal,2025-12-05 14:09:37.068
4ACA74,ICA4ACA74,52.31415,21.13615,11904.0,315.0,20.0,1,2.225466288919118,0,Normal,2025-12-05 14:09:37.111
4ACA74,ICA4ACA74,52.31413,21.13618,11916.0,315.0,20.0,1,0.0,0,Normal,2025-12-05 14:09:37.714
4ACA74,ICA4ACA74,52.31563,21.13708,11937.0,316.0,20.0,1,0.0,0,Normal,2025-12-05 14:09:38.266
4ACAA1,ICA4ACAA1,60.46968,10.60042,14343.0,354.0,168.0,0,0.0,0,Normal,2025-12-05 14:09:37.411
4ACAA1,ICA4ACAA1,60.4697,10.60042,14350.0,354.0,168.0,1,0.0,0,Normal,2025-12-05 14:09:37.420
4ACAA1,ICA4ACAA1,60.46973,10.60047,14358.0,354.0,168.0,1,0.0,0,Normal,2025-12-05 14:09:37.857
4ACAB2,ICA4ACAB2,60.25203,10.92848,9803.0,306.0,202.0,0,0.0,0,Normal,2025-12-05 14:09:36.718
4ACAB2,ICA4ACAB2,60.25068,10.92748,9861.0,306.0,202.0,1,0.0,0,Normal,2025-12-05 14:09:37.760
4ACAB2,ICA4ACAB2,60.25068,10.92748,9862.0,306.0,202.0,1,0.0,0,Normal,2025-12-05 14:09:37.788
4ACAB2,ICA4ACAB2,60.25068,10.92748,9871.0,306.0,202.0,1,0.0,0,Normal,2025-12-05 14:09:37.797
4ACB02,ICA4ACB02,62.18537,19.28977,29579.0,385.0,16.0,0,0.0,0,Normal,2025-12-05 14:09:36.795
4ACB02,ICA4ACB02,62.18537,19.28977,29578.0,385.0,16.0,1,0.0,0,Normal,2025-12-05 14:09:36.802
4B0783,ICA4B0783,47.1663,8.21012,2871.0,70.0,74.0,0,0.0,0,Normal,2025-12-05 14:09:37.544
4B0EBA,ICA4B0EBA,46.72818,8.36328,29468.0,163.0,290.0,0,0.0,0,Normal,2025-12-05 14:09:37.189
4B0EBA,ICA4B0EBA,46.72817,8.3632,29468.0,163.0,290.0,1,0.0,0,Normal,2025-12-05 14:09:37.786
4B0F3C,ICA4B0F3C,49.99177,11.07617,23693.0,249.0,179.0,0,0.0,0,Normal,2025-12-05 14:09:38.286
4B1617,HB-IJN,48.90217,9.30587,29830.0,468.0,5.0,0,0.0,0,Normal,2025-12-05 14:09:37.155
4B1617,HB-IJN,48.9024,9.3059,29862.0,468.0,5.0,1,0.0,0,Normal,2025-12-05 14:09:37.793
4B180C,ICA4B180C,52.2406,9.89085,11572.0,317.0,187.0,0,0.0,0,Normal,2025-12-05 14:09:37.904
4B18D9,ICA4B18D9,49.20588,9.76175,40293.0,473.0,123.0,0,0.0,0,Normal,2025-12-05 14:09:37.354
4B18D9,ICA4B18D9,49.20588,9.76172,40296.0,473.0,123.0,1,2.1860918836992305,0,Normal,2025-12-05 14:09:37.427
4B18D9,ICA4B18D9,49.20463,9.76458,40293.0,473.0,123.0,1,0.0,0,Normal,2025-12-05 14:09:38.215
4B18D9,ICA4B18D9,49.20465,9.76455,40293.0,473.0,123.0,1,0.0,0,Normal,2025-12-05 14:09:38.235
4B1A25,ICA4B1A25,50.94405,4.61198,1677.0,140.0,246.0,0,0.0,0,Normal,2025-12-05 14:09:37.492
4B1A27,ICA4B1A27,49.6032,9.40943,33296.0,430.0,12.0,0,0.0,0,Normal,2025-12-05 14:09:36.750
4B1A27,ICA4B1A27,49.60525,9.41002,33293.0,430.0,12.0,1,0.0,0,Normal,2025-12-05 14:09:37.478
4B1A27,ICA4B1A27,49.60513,9.41,33289.0,429.0,11.0,1,0.0,0,Normal,2025-12-05 14:09:38.035
4B2839,HB-PGB,47.15978,7.3699,3665.0,91.0,57.0,0,0.0,0,Normal,2025-12-05 14:09:37.661
4B2839,HB-PGB,47.1613,7.37403,3760.0,82.0,64.0,1,0.0,0,Normal,2025-12-05 14:09:38.117
4B2928,HB-PPG,47.10508,7.54125,3659.0,88.0,306.0,0,0.0,0,Normal,2025-12-05 14:09:38.118
4B2928,HB-PPG,47.10508,7.54125,3659.0,88.0,306.0,1,0.0,0,Normal,2025-12-05 14:09:38.276
4B2A37,FLR4B2A37,46.17633,7.03027,2949.0,101.0,342.0,0,0.0,0,Normal,2025-12-05 14:09:37.637
4B435E,HB-ZNI,47.19157,9.33957,4659.0,98.0,153.0,0,0.0,0,Normal,2025-12-05 14:09:37.457
4B43BC,HB-ZQY,46.91087,7.50372,1644.0,0.0,50.0,0,0.0,0,Normal,2025-12-05 14:09:37.944
4BA8D0,TC-JFP,49.68955,9.73632,12352.0,300.0,304.0,0,0.0,0,Normal,2025-12-05 14:09:36.829
4BA8D0,TC-JFP,49.68953,9.73638,12331.0,300.0,304.0,1,4.867420951714001,0,Normal,2025-12-05 14:09:36.897
4BA8D0,TC-JFP,49.69035,9.73458,12304.0,300.0,304.0,1,2.3385609338369178,0,Normal,2025-12-05 14:09:37.972
4BA8D0,TC-JFP,49.69037,9.73457,12329.0,300.0,304.0,1,0.0,0,Normal,2025-12-05 14:09:37.985
4BA8D0,TC-JFP,49.69035,9.73458,12304.0,302.0,305.0,1,2.3385609338369178,0,Normal,2025-12-05 14:09:38.007
4BA8D0,TC-JFP,49.6911,9.7329,12303.0,300.0,304.0,1,2.651549553704312,0,Normal,2025-12-05 14:09:38.082
4BA8D0,TC-JFP,49.69112,9.73288,12282.0,300.0,304.0,1,0.0,0,Normal,2025-12-05 14:09:38.115
4BA902,TC-JHB,49.2608,10.36248,35189.0,427.0,285.0,0,0.0,0,Normal,2025-12-05 14:09:37.704
4BA902,TC-JHB,49.2613,10.35952,35193.0,427.0,285.0,1,0.0,0,Normal,2025-12-05 14:09:38.151
4BAA5A,TC-JRZ,48.63263,12.16523,34268.0,441.0,118.0,0,0.0,0,Normal,2025-12-05 14:09:37.000
4BAA94,ICA4BAA94,50.00247,9.78493,35293.0,438.0,291.0,0,0.0,0,Normal,2025-12-05 14:09:37.595
4BAA94,ICA4BAA94,50.00322,9.78187,35296.0,438.0,291.0,1,0.0,0,Normal,2025-12-05 14:09:38.061
4BB209,ICA4BB209,40.58583,-3.29313,14173.0,277.0,7.0,0,0.0,0,Normal,2025-12-05 14:09:37.742
4BB263,ICA4BB263,50.53652,14.63435,34418.0,405.0,129.0,0,0.0,0,Normal,2025-12-05 14:09:37.525
4BB2A2,ICA4BB2A2,48.71367,10.6595,34293.0,456.0,113.0,0,0.0,0,Normal,2025-12-05 14:09:37.345
4BB2A2,ICA4BB2A2,48.71368,10.65945,34293.0,455.0,113.0,1,0.0,0,Normal,2025-12-05 14:09:37.446
4BB855,ICA4BB855,48.5613,11.19682,32268.0,449.0,112.0,0,0.0,0,Normal,2025-12-05 14:09:36.912
4BB855,ICA4BB855,48.56055,11.19955,32243.0,449.0,112.0,1,0.0,0,Normal,2025-12-05 14:09:37.596
4BC846,ICA4BC846,50.44582,4.40483,2975.0,153.0,245.0,0,0.0,0,Normal,2025-12-05 14:09:37.027
4BC896,ICA4BC896,51.17872,10.52437,35246.0,448.0,304.0,0,0.0,0,Normal,2025-12-05 14:09:38.059
4BCE13,ICA4BCE13,49.9114,11.89538,36218.0,437.0,124.0,0,0.0,0,Normal,2025-12-05 14:09:37.058
4BCE13,ICA4BCE13,49.91147,11.8953,36218.0,437.0,124.0,1,0.0,0,Normal,2025-12-05 14:09:37.717
4C0176,ICA4C0176,47.52838,19.3058,10618.0,290.0,312.0,0,0.0,0,Normal,2025-12-05 14:09:36.921
4C0176,ICA4C0176,47.52925,19.30438,10584.0,290.0,312.0,1,0.0,0,Normal,2025-12-05 14:09:37.606
4C01E4,YU-APE,49.38623,8.33543,34189.0,482.0,115.0,0,0.0,0,Normal,2025-12-05 14:09:37.086
4C348C,ICA4C348C,46.42257,11.58308,39318.0,377.0,291.0,0,0.0,0,Normal,2025-12-05 14:09:36.867
4C8090,ICA4C8090,49.05988,2.73812,11657.0,363.0,102.0,0,0.0,0,Normal,2025-12-05 14:09:37.377
4CA1B2,EI-DAC,40.9178,-3.40485,7697.0,208.0,279.0,0,0.0,0,Normal,2025-12-05 14:09:37.404
4CA1B2,EI-DAC,40.91792,-3.4061,7673.0,210.0,277.0,1,0.0,0,Normal,2025-12-05 14:09:38.283
4CA2C1,EI-DLD,36.85877,-4.56763,10177.0,285.0,42.0,0,0.0,0,Normal,2025-12-05 14:09:37.421
4CA565,EI-DPZ,51.57223,-0.24378,15766.0,333.0,26.0,0,0.0,0,Normal,2025-12-05 14:09:38.213
4CA56D,EI-DWH,38.38677,-0.83732,13446.0,236.0,298.0,0,0.0,0,Normal,2025-12-05 14:09:37.776
4CA643,EI-DYA,40.33468,-2.31915,16158.0,339.0,310.0,0,0.0,0,Normal,2025-12-05 14:09:38.003
4CA762,EI-EFG,40.75925,-3.98972,14402.0,288.0,22.0,0,0.0,0,Normal,2025-12-05 14:09:36.837
4CA762,EI-EFG,40.75925,-3.98972,14437.0,288.0,22.0,1,0.0,0,Normal,2025-12-05 14:09:36.863
4CA762,EI-EFG,40.76048,-3.98912,14398.0,288.0,21.0,1,0.0,0,Normal,2025-12-05 14:09:37.400
4CA762,EI-EFG,40.76172,-3.98853,14370.0,287.0,20.0,1,0.0,0,Normal,2025-12-05 14:09:38.211
4CA762,EI-EFG,40.76172,-3.98853,14357.0,287.0,20.0,1,0.0,0,Normal,2025-12-05 14:09:38.293
4CA814,EI-EKV,50.81617,11.45377,36918.0,447.0,303.0,0,0.0,0,Normal,2025-12-05 14:09:37.497
4CA891,EI-ENE,40.42867,-3.4855,4645.0,194.0,124.0,0,0.0,0,Normal,2025-12-05 14:09:37.101
4CA891,EI-ENE,40.4282,-3.48452,4693.0,195.0,124.0,1,0.0,0,Normal,2025-12-05 14:09:38.125
4CA891,EI-ENE,40.4282,-3.48452,4692.0,196.0,122.0,1,0.0,0,Normal,2025-12-05 14:09:38.162
4CAC23,ICA4CAC23,37.00028,-4.88687,16460.0,319.0,299.0,0,0.0,0,Normal,2025-12-05 14:09:37.621
4CAC7A,ICA4CAC7A,55.48277,12.43487,2853.0,188.0,41.0,0,0.0,0,Normal,2025-12-05 14:09:37.180
4CAC7A,ICA4CAC7A,55.48275,12.43488,2847.0,188.0,41.0,1,0.0,0,Normal,2025-12-05 14:09:37.676
4CAC7F,EI-EZR,41.3859,2.34808,3360.0,175.0,260.0,0,0.0,0,Normal,2025-12-05 14:09:37.154
4CAC86,ICA4CAC86,51.99217,8.04045,38168.0,473.0,95.0,0,0.0,0,Normal,2025-12-05 14:09:37.720
4CAC8E,ICA4CAC8E,49.23247,3.2786,8323.0,238.0,226.0,0,0.0,0,Normal,2025-12-05 14:09:38.258
4CACB4,ICA4CACB4,55.5373,12.64367,6944.0,319.0,242.0,0,0.0,0,Normal,2025-12-05 14:09:37.194
4CAD40,ICA4CAD40,54.0424,8.26405,36987.0,428.0,238.0,0,0.0,0,Normal,2025-12-05 14:09:37.574
4CAD92,ICA4CAD92,55.98672,13.58853,8293.0,274.0,211.0,0,0.0,0,Normal,2025-12-05 14:09:37.012
4CADE0,ICA4CADE0,41.91643,12.23195,1511.0,185.0,162.0,0,0.0,0,Normal,2025-12-05 14:09:38.193
4CAE8D,ICA4CAE8D,43.63062,1.36462,548.0,161.0,323.0,0,0.0,0,Normal,2025-12-05 14:09:38.124
4CAE95,ICA4CAE95,48.16078,12.83668,7374.0,282.0,168.0,0,0.0,0,Normal,2025-12-05 14:09:37.405
4CAECB,ICA4CAECB,36.71728,-3.92858,10607.0,312.0,233.0,0,0.0,0,Normal,2025-12-05 14:09:37.774
4CAEE8,ICA4CAEE8,51.04643,12.99497,36293.0,442.0,108.0,0,0.0,0,Normal,2025-12-05 14:09:37.716
4CAF2A,ICA4CAF2A,52.35973,-1.67157,5375.0,189.0,153.0,0,0.0,0,Normal,2025-12-05 14:09:36.989
4CAFF8,ICA4CAFF8,55.65242,12.71087,1847.0,202.0,41.0,0,0.0,0,Normal,2025-12-05 14:09:36.892
4CC4D2,ICA4CC4D2,65.452,-18.91913,17071.0,279.0,223.0,0,0.0,0,Normal,2025-12-05 14:09:37.099
4CC4D2,ICA4CC4D2,65.45198,-18.91913,17071.0,279.0,223.0,1,0.0,0,Normal,2025-12-05 14:09:37.895
4CC531,ICA4CC531,64.55303,-22.32523,4883.0,127.0,132.0,0,0.0,0,Normal,2025-12-05 14:09:37.142
4CC547,ICA4CC547,63.52808,-22.01418,7914.0,333.0,317.0,0,0.0,0,Normal,2025-12-05 14:09:36.745
4CC547,ICA4CC547,63.5292,-22.0165,7900.0,333.0,317.0,1,0.0,0,Normal,2025-12-05 14:09:37.197
4D00CA,LX-LGG,51.60695,2.19082,16793.0,297.0,286.0,0,0.0,0,Normal,2025-12-05 14:09:37.132
4D00CA,LX-LGG,51.59397,2.26268,16756.0,297.0,286.0,1,0.0,0,Normal,2025-12-05 14:09:37.757
4D00CA,LX-LGG,51.60732,2.18875,16766.0,297.0,286.0,1,0.0,0,Normal,2025-12-05 14:09:38.161
4D00F5,LX-LGV,49.4987,5.46168,15209.0,316.0,64.0,0,0.0,0,Normal,2025-12-05 14:09:36.670
4D00F5,LX-LGV,49.4993,5.4636,15179.0,316.0,64.0,1,0.0,0,Normal,2025-12-05 14:09:37.730
4D00F5,LX-LGV,49.4993,5.4636,15182.0,316.0,64.0,1,0.0,0,Normal,2025-12-05 14:09:37.770
4D0110,LX-RCV,48.57697,9.86855,33268.0,455.0,305.0,0,0.0,0,Normal,2025-12-05 14:09:37.309
4D0110,LX-RCV,48.57692,9.86867,33268.0,455.0,305.0,1,0.0,0,Normal,2025-12-05 14:09:37.351
4D0110,LX-RCV,48.57685,9.86882,33268.0,455.0,305.0,1,0.0,0,Normal,2025-12-05 14:09:37.780
4D0225,LX-KAT,50.38077,2.73142,17602.0,345.0,312.0,0,0.0,0,Normal,2025-12-05 14:09:37.653
4D02A5,LX-JFP,49.59588,5.7682,10370.0,267.0,64.0,0,0.0,0,Normal,2025-12-05 14:09:37.187
4D02A5,LX-JFP,49.59588,5.7682,10367.0,267.0,64.0,1,0.0,0,Normal,2025-12-05 14:09:37.198
4D206B,ICA4D206B,50.1036,19.37488,5828.0,216.0,137.0,0,0.0,0,Normal,2025-12-05 14:09:37.408
4D20D1,9H-VCA,41.76953,12.36398,10217.0,295.0,257.0,0,0.0,0,Normal,2025-12-05 14:09:38.037
4D2226,ICA4D2226,38.8744,-0.32955,13687.0,330.0,169.0,0,0.0,0,Normal,2025-12-05 14:09:37.632
4D2258,ICA4D2258,47.93212,10.1228,37293.0,431.0,321.0,0,0.0,0,Normal,2025-12-05 14:09:37.534
4D226C,ICA4D226C,49.43728,10.7762,10440.0,287.0,230.0,0,0.0,0,Normal,2025-12-05 14:09:36.663
4D226C,ICA4D226C,49.43723,10.7761,10438.0,287.0,230.0,1,9.139390765577309,0,Normal,2025-12-05 14:09:36.668
4D226C,ICA4D226C,49.43633,10.77452,10473.0,287.0,230.0,1,0.0,0,Normal,2025-12-05 14:09:37.253
4D226C,ICA4D226C,49.43632,10.77447,10471.0,287.0,230.0,1,3.7932349694848084,0,Normal,2025-12-05 14:09:37.259
4D226C,ICA4D226C,49.43633,10.77452,10477.0,287.0,230.0,1,0.0,0,Normal,2025-12-05 14:09:37.265
4D2274,ICA4D2274,41.83442,12.26632,0.0,117.0,163.0,0,0.0,0,Normal,2025-12-05 14:09:37.521
4D228F,ICA4D228F,41.06583,1.9641,8232.0,284.0,236.0,0,0.0,0,Normal,2025-12-05 14:09:37.037
4D228F,ICA4D228F,41.0651,1.96267,8280.0,284.0,237.0,1,0.0,0,Normal,2025-12-05 14:09:38.155
4D22B5,ICA4D22B5,47.84577,16.13508,13433.0,338.0,229.0,0,0.0,0,Normal,2025-12-05 14:09:36.961
4D22B5,ICA4D22B5,47.84488,16.13348,13483.0,338.0,229.0,1,0.0,0,Normal,2025-12-05 14:09:37.975
4D236A,ICA4D236A,45.79448,8.94802,35439.0,440.0,271.0,0,0.0,0,Normal,2025-12-05 14:09:36.859
4D23F9,ICA4D23F9,54.9906,12.75365,9837.0,371.0,347.0,0,0.0,0,Normal,2025-12-05 14:09:36.747
4D23F9,ICA4D23F9,54.99227,12.75298,9771.0,371.0,347.0,1,0.0,0,Normal,2025-12-05 14:09:37.173
4D23F9,ICA4D23F9,54.99227,12.75298,9763.0,373.0,347.0,1,0.0,0,Normal,2025-12-05 14:09:37.277
4D240F,ICA4D240F,51.13367,6.848,11111.0,335.0,106.0,0,0.0,0,Normal,2025-12-05 14:09:36.852
4D240F,ICA4D240F,51.13367,6.84797,11107.0,335.0,106.0,1,2.0998735318829844,0,Normal,2025-12-05 14:09:36.862
4D240F,ICA4D240F,51.13367,6.84798,11118.0,335.0,106.0,1,1.3999156879427177,0,Normal,2025-12-05 14:09:36.953
4D240F,ICA4D240F,51.13322,6.8504,11141.0,335.0,106.0,1,0.0,0,Normal,2025-12-05 14:09:37.847
4D240F,ICA4D240F,51.13322,6.8504,11141.0,335.0,106.0,1,0.0,0,Normal,2025-12-05 14:09:37.854
4D240F,ICA4D240F,51.13322,6.8504,11138.0,335.0,106.0,1,0.0,0,Normal,2025-12-05 14:09:37.859
4D2412,ICA4D2412,49.33042,8.14635,32948.0,443.0,173.0,0,0.0,0,Normal,2025-12-05 14:09:38.145
4D245F,ICA4D245F,50.23778,8.45618,36289.0,467.0,67.0,0,0.0,0,Normal,2025-12-05 14:09:37.234
4D245F,ICA4D245F,50.23783,8.45627,36293.0,467.0,67.0,1,0.0,0,Normal,2025-12-05 14:09:37.721
4D2490,ICA4D2490,49.9218,10.96168,33268.0,447.0,312.0,0,0.0,0,Normal,2025-12-05 14:09:38.196
4D24D6,ICA4D24D6,52.02835,11.21102,35234.0,422.0,263.0,0,0.0,0,Normal,2025-12-05 14:09:37.370
4D2529,ICA4D2529,49.19207,11.72495,34870.0,438.0,295.0,0,0.0,0,Normal,2025-12-05 14:09:37.687
4D252B,ICA4D252B,49.39685,11.00898,35218.0,415.0,230.0,0,0.0,0,Normal,2025-12-05 14:09:37.870
4D404C,ICA4D404C,48.7584,4.40633,18677.0,326.0,163.0,0,0.0,0,Normal,2025-12-05 14:09:37.247
500245,ICA500245,53.53263,9.84717,5259.0,181.0,198.0,0,0.0,0,Normal,2025-12-05 14:09:36.780
500351,ICA500351,52.95663,10.1075,13361.0,332.0,1.0,0,0.0,0,Normal,2025-12-05 14:09:37.243
50046C,ICA50046C,45.62975,9.40238,27568.0,278.0,327.0,0,0.0,0,Normal,2025-12-05 14:09:37.862
502CC8,ICA502CC8,54.02467,9.02943,37087.0,409.0,235.0,0,0.0,0,Normal,2025-12-05 14:09:37.617
503CED,ICA503CED,41.56792,2.03645,2488.0,112.0,93.0,0,0.0,0,Normal,2025-12-05 14:09:37.845
503E2E,ICA503E2E,41.7553,0.92747,7986.0,82.0,299.0,0,0.0,0,Normal,2025-12-05 14:09:37.734
505CEB,ICA505CEB,52.20237,20.83642,1827.0,158.0,114.0,0,0.0,0,Normal,2025-12-05 14:09:36.741
505FA0,ICA505FA0,48.99518,2.99682,6934.0,201.0,265.0,0,0.0,0,Normal,2025-12-05 14:09:36.844
574ED8,N0TME,53.55038,10.15842,0.0,0.0,121.0,0,0.0,0,Normal,2025-12-05 14:09:38.242
71C383,ICA71C383,49.04993,11.44543,39193.0,470.0,287.0,0,0.0,0,Normal,2025-12-05 14:09:38.218
744822,ICA744822,48.90497,8.6169,26899.0,390.0,166.0,0,0.0,0,Normal,2025-12-05 14:09:37.165
781795,ICA781795,51.95437,7.8015,38159.0,483.0,37.0,0,0.0,0,Normal,2025-12-05 14:09:37.772
846DEF,ICA846DEF,49.70345,9.18693,12189.0,406.0,113.0,0,0.0,0,Normal,2025-12-05 14:09:37.657
846DEF,ICA846DEF,49.7035,9.1868,12190.0,406.0,113.0,1,0.0,0,Normal,2025-12-05 14:09:37.736
87B190,FLR87B190,51.76577,-1.19177,377.0,0.0,0.0,0,0.0,0,Normal,2025-12-05 14:09:37.055
8960F6,A6-EDU,41.50207,12.25033,10512.0,280.0,77.0,0,0.0,0,Normal,2025-12-05 14:09:36.924
8960F9,A6-EDX,51.2704,0.6351,13777.0,399.0,82.0,0,0.0,0,Normal,2025-12-05 14:09:37.567
8960F9,A6-EDX,51.27037,0.63505,13768.0,432.0,94.0,1,0.0,0,Normal,2025-12-05 14:09:37.919
896112,A6-ECK,50.41992,8.56452,30467.0,497.0,133.0,0,0.0,0,Normal,2025-12-05 14:09:37.594
89621B,A6-EGZ,53.1876,11.87822,32165.0,448.0,124.0,0,0.0,0,Normal,2025-12-05 14:09:37.315
896458,ICA896458,55.21737,13.44885,15857.0,377.0,139.0,0,0.0,0,Normal,2025-12-05 14:09:37.494
A000CA,ICAA000CA,48.8214,8.85107,17672.0,304.0,265.0,0,0.0,0,Normal,2025-12-05 14:09:36.739
A000CA,ICAA000CA,48.82128,8.84892,17664.0,305.0,265.0,1,0.0,0,Normal,2025-12-05 14:09:37.162
A000CA,ICAA000CA,48.82118,8.84667,17660.0,304.0,265.0,1,0.0,0,Normal,2025-12-05 14:09:38.268
A08A41,ICAA08A41,20.98408,-86.799,2906.0,149.0,119.0,0,0.0,0,Normal,2025-12-05 14:09:38.053
A2ABCA,ICAA2ABCA,27.60042,-81.6132,6767.0,79.0,211.0,0,0.0,0,Normal,2025-12-05 14:09:36.727
A44502,ICAA44502,26.9723,-82.38532,16448.0,388.0,153.0,0,0.0,0,Normal,2025-12-05 14:09:38.224
A5C8E7,ICAA5C8E7,47.28495,12.58973,7284.0,131.0,271.0,0,0.0,0,Normal,2025-12-05 14:09:37.925
A60B90,FLRA60B90,51.04198,6.43048,1085.0,69.0,214.0,0,0.0,0,Normal,2025-12-05 14:09:37.666
A6D00B,ICAA6D00B,21.06,-86.91452,590.0,122.0,123.0,0,0.0,0,Normal,2025-12-05 14:09:37.795
AA86CC,N778AN,53.8962,7.8683,31112.0,499.0,325.0,0,0.0,0,Normal,2025-12-05 14:09:37.821
AB4FD4,ICAAB4FD4,52.35145,4.42823,6976.0,284.0,330.0,0,0.0,0,Normal,2025-12-05 14:09:37.740
C0406A,C-FYKF,43.45657,-80.38782,1014.0,0.0,68.0,0,0.0,0,Normal,2025-12-05 14:09:37.588
C05323,C-GFMO,43.80187,-79.90565,2188.0,124.0,344.0,0,0.0,0,Normal,2025-12-05 14:09:37.472
C05518,C-GGFV,43.67292,-80.43588,3369.0,96.0,338.0,0,0.0,0,Normal,2025-12-05 14:09:37.472
C05518,C-GGFV,43.67292,-80.43588,3369.0,96.0,338.0,1,0.0,0,Normal,2025-12-05 14:09:37.473
C05518,C-GGFV,43.67292,-80.43588,3369.0,96.0,338.0,1,0.0,0,Normal,2025-12-05 14:09:37.474
C06EE4,C-GPZV,43.4565,-80.38873,1006.0,0.0,295.0,0,0.0,0,Normal,2025-12-05 14:09:37.381
D00438,D-KBRG,-23.35602,18.05057,10776.0,80.0,147.0,0,0.0,0,Normal,2025-12-05 14:09:37.572
D00438,D-KBRG,-23.35602,18.05057,10776.0,80.0,147.0,1,0.0,0,Normal,2025-12-05 14:09:37.881
D0062F,FLRD0062F,52.794,-2.66655,217.0,11.0,270.0,0,0.0,0,Normal,2025-12-05 14:09:37.077
D00663,G-YAAA,54.14588,-1.41182,1424.0,152.0,344.0,0,0.0,0,Normal,2025-12-05 14:09:37.082
D00663,G-YAAA,54.14588,-1.41182,1424.0,152.0,344.0,1,0.0,0,Normal,2025-12-05 14:09:37.359
D0105D,D-KDTS,-23.35447,18.15305,14972.0,70.0,328.0,0,0.0,0,Normal,2025-12-05 14:09:37.402
D02159,OH-1018,-23.77975,18.22378,13299.0,78.0,23.0,0,0.0,0,Normal,2025-12-05 14:09:37.573
D02E5D,FLRD02E5D,45.30857,6.12902,9352.0,68.0,146.0,0,0.0,0,Normal,2025-12-05 14:09:37.509
DB0092,FLRDB0092,46.67715,6.54503,5017.0,111.0,346.0,0,0.0,0,Normal,2025-12-05 14:09:36.756
DD5311,F-BSVU,43.21403,0.07267,1040.0,2.0,81.0,0,0.0,0,Normal,2025-12-05 14:09:37.410
DD85AD,D-0271,48.0266,7.83925,1605.0,40.0,137.0,0,0.0,0,Normal,2025-12-05 14:09:38.111
DD9F94,D-KIOP,50.55255,5.85488,1145.0,0.0,90.0,0,0.0,0,Normal,2025-12-05 14:09:37.615
DDA5DC,F-CERA,43.76327,4.90047,2970.0,22.0,43.0,0,0.0,0,Normal,2025-12-05 14:09:37.708
DDA5DC,F-CERA,43.7632,4.90037,2973.0,24.0,48.0,1,0.0,0,Normal,2025-12-05 14:09:37.888
DDA66E,F-COZS,43.61465,6.69947,715.0,0.0,0.0,0,0.0,0,Normal,2025-12-05 14:09:37.116
DDA933,G-OWAI,56.1905,-3.32725,1660.0,45.0,100.0,0,0.0,0,Normal,2025-12-05 14:09:37.298
DDA933,G-OWAI,56.19047,-3.32688,1680.0,45.0,99.0,1,23.21324447096447,0,Normal,2025-12-05 14:09:38.055
DDA933,G-OWAI,56.19043,-3.3265,1696.0,46.0,99.0,1,0.0,0,Normal,2025-12-05 14:09:38.132
DDA933,G-OWAI,56.19043,-3.3265,1696.0,46.0,99.0,1,0.0,0,Normal,2025-12-05 14:09:38.202
DDB27C,F-CHTV,43.88738,3.6369,5818.0,51.0,76.0,0,0.0,0,Normal,2025-12-05 14:09:37.511
DDB6B4,VH-HDP,-34.04415,150.67978,118.0,1.0,221.0,0,0.0,0,Normal,2025-12-05 14:09:37.002
DDBA88,F-BRLQ,-27.35038,151.51463,1227.0,0.0,0.0,0,0.0,0,Normal,2025-12-05 14:09:37.528
DDBA88,F-BRLQ,-27.35038,151.51463,1227.0,0.0,0.0,1,0.0,0,Normal,2025-12-05 14:09:38.051
DDD32E,F-BRLQ,43.66712,5.00397,722.0,50.0,320.0,0,0.0,0,Normal,2025-12-05 14:09:37.892
DDDA0A,G-CGBN,51.94285,0.80115,161.0,28.0,256.0,0,0.0,0,Normal,2025-12-05 14:09:37.040
DDDA0A,G-CGBN,51.9428,0.80088,164.0,43.0,257.0,1,0.0,0,Normal,2025-12-05 14:09:38.134
DDE48F,G-DJAD,55.57907,-2.13855,5476.0,24.0,251.0,0,0.0,0,Normal,2025-12-05 14:09:37.160
DDE6A5,ZE495,53.02143,-0.9063,1611.0,16.0,141.0,0,0.0,0,Normal,2025-12-05 14:09:37.183
DDE6A5,ZE495,53.02138,-0.90622,1618.0,17.0,141.0,1,0.0,0,Normal,2025-12-05 14:09:38.012
DDE6A5,ZE495,53.02143,-0.9063,1611.0,16.0,141.0,1,0.0,0,Normal,2025-12-05 14:09:38.029
DDFA6D,CC-ASG,-33.38068,-70.58358,2264.0,2.0,81.0,0,0.0,0,Normal,2025-12-05 14:09:37.312
DF0C45,FLRDF0C45,45.0739,7.54592,3278.0,74.0,155.0,0,0.0,0,Normal,2025-12-05 14:09:37.148
DF2419,Car1,53.5503,10.15915,46.0,0.0,141.0,0,0.0,0,Normal,2025-12-05 14:09:37.996
DF2419,Car1,53.5503,10.15915,46.0,0.0,141.0,1,0.0,0,Normal,2025-12-05 14:09:38.241
DF2699,FLRDF2699,51.78885,7.31603,1103.0,59.0,177.0,0,0.0,0,Normal,2025-12-05 14:09:38.246
E07211,ICAE07211,41.61885,11.5693,15999.0,344.0,69.0,0,0.0,0,Normal,2025-12-05 14:09:37.825
E94C89,ICAE94C89,40.7754,-3.57623,7058.0,206.0,180.0,0,0.0,0,Normal,2025-12-05 14:09:36.730
E94C89,ICAE94C89,40.7744,-3.57622,7047.0,206.0,179.0,1,0.0,0,Normal,2025-12-05 14:09:37.304
F03E11,FLRF03E11,47.18053,6.80047,3372.0,75.0,232.0,0,0.0,0,Normal,2025-12-05 14:09:36.701
F03E11,FLRF03E11,47.18033,6.80007,3375.0,75.0,232.0,1,0.0,0,Normal,2025-12-05 14:09:37.750
F0AAF3,FLRF0AAF3,47.67688,1.23118,1177.0,68.0,44.0,0,0.0,0,Normal,2025-12-05 14:09:37.669
F0E282,FLRF0E282,67.43838,14.31345,3743.0,157.0,191.0,0,0.0,0,Normal,2025-12-05 14:09:37.664
F6C45E,FLRF6C45E,52.34435,1.3293,3175.0,130.0,276.0,0,0.0,0,Normal,2025-12-05 14:09:37.696
F6EEE9,FLRF6EEE9,60.63915,6.51027,278.0,9.0,263.0,0,0.0,0,Normal,2025-12-05 14:09:37.671
F88A00,FLRF88A00,52.86107,-1.61738,124.0,11.0,342.0,0,0.0,0,Normal,2025-12-05 14:09:37.286
F8DCA5,FLRF8DCA5,50.77637,7.18525,134.0,19.0,7.0,0,0.0,0,Normal,2025-12-05 14:09:37.602
F9C93C,FLRF9C93C,47.25185,6.85983,5141.0,44.0,189.0,0,0.0,0,Normal,2025-12-05 14:09:36.708
F9C93C,FLRF9C93C,47.25165,6.85978,5147.0,42.0,189.0,1,0.0,0,Normal,2025-12-05 14:09:37.759
FAF56D,FLRFAF56D,52.90985,-1.80713,1752.0,148.0,319.0,0,0.0,0,Normal,2025-12-05 14:09:36.819
FAF56D,FLRFAF56D,52.91038,-1.80788,1748.0,149.0,319.0,1,0.0,0,Normal,2025-12-05 14:09:37.516
FCBFE2,FLRFCBFE2,45.09885,1.85207,2404.0,23.0,76.0,0,0.0,0,Normal,2025-12-05 14:09:38.159
FDA3AA,FLRFDA3AA,45.55892,9.48447,2007.0,89.0,322.0,0,0.0,0,Normal,2025-12-05 14:09:37.673
FE45DC,FLRFE45DC,44.27848,5.79357,1932.0,14.0,102.0,0,0.0,0,Normal,2025-12-05 14:09:38.249
FE468C,FLRFE468C,28.15422,-16.75952,2516.0,24.0,146.0,0,0.0,0,Normal,2025-12-05 14:09:38.045
FE474A,FLRFE474A,45.42885,10.33577,344.0,3.0,128.0,0,0.0,0,Normal,2025-12-05 14:09:38.001
FE59A3,FLRFE59A3,45.12997,11.29253,26.0,50.0,341.0,0,0.0,0,Normal,2025-12-05 14:09:36.696
FE59A3,FLRFE59A3,45.13018,11.29242,32.0,50.0,339.0,1,0.0,0,Normal,2025-12-05 14:09:37.692
