MessageType,TransmissionType,SessionID,AircraftID,HexIdent,FlightID,DateGenerated,TimeGenerated,DateLogged,TimeLogged,Callsign,Altitude,GroundSpeed,Track,Latitude,Longitude,VerticalRate,Squawk,Alert,Emergency,SPI,IsOnGround
MSG,3,,,4D226C,,2025/12/05,14:09:36.663,2025/12/05,14:09:36.663,ICA4D226C,10440,287.0,230.0,49.43728,10.77620,,,0,0,0,0
MSG,3,,,3986E6,,2025/12/05,14:09:36.666,2025/12/05,14:09:36.666,F-HBXG,3420,173.0,220.0,47.30583,-1.43418,,,0,0,0,0
MSG,3,,,4D226C,,2025/12/05,14:09:36.668,2025/12/05,14:09:36.668,ICA4D226C,10438,287.0,230.0,49.43723,10.77610,,,0,0,0,0
MSG,3,,,4D00F5,,2025/12/05,14:09:36.670,2025/12/05,14:09:36.670,LX-LGV,15209,316.0,64.0,49.49870,5.46168,,,0,0,0,0
MSG,3,,,3EBE12,,2025/12/05,14:09:36.673,2025/12/05,14:09:36.673,ICA3EBE12,15144,378.0,89.0,52.56920,12.21195,,,0,0,0,0
MSG,3,,,4841A6,,2025/12/05,14:09:36.674,2025/12/05,14:09:36.674,PH-BXT,11150,348.0,126.0,52.19967,5.30337,,,0,0,0,0
MSG,3,,,4841A6,,2025/12/05,14:09:36.679,2025/12/05,14:09:36.679,PH-BXT,11146,348.0,126.0,52.19967,5.30337,,,0,0,0,0
MSG,3,,,4ACA15,,2025/12/05,14:09:36.683,2025/12/05,14:09:36.683,ICA4ACA15,37037,438.0,225.0,53.41505,8.32770,,,0,0,0,0
MSG,3,,,3EBE12,,2025/12/05,14:09:36.685,2025/12/05,14:09:36.685,ICA3EBE12,15144,378.0,89.0,52.56920,12.21193,,,0,0,0,0
MSG,3,,,404B8C,,2025/12/05,14:09:36.689,2025/12/05,14:09:36.689,FLR404B8C,524,77.0,177.0,54.85228,-3.37758,,,0,0,0,0
MSG,3,,,3C674E,,2025/12/05,14:09:36.691,2025/12/05,14:09:36.691,D-AIZN,14182,385.0,297.0,51.18378,7.80097,,,0,0,0,0
MSG,3,,,39895D,,2025/12/05,14:09:36.694,2025/12/05,14:09:36.694,FLR39895D,475,69.0,321.0,50.42427,1.58220,,,0,0,0,0
MSG,3,,,FE59A3,,2025/12/05,14:09:36.696,2025/12/05,14:09:36.696,FLRFE59A3,26,50.0,341.0,45.12997,11.29253,,,0,0,0,0
MSG,3,,,39489C,,2025/12/05,14:09:36.698,2025/12/05,14:0,,,,,,,,,,,,
MSG,3,,,F03E11,,2025/12/05,14:09:36.701,2025/12/05,14:09:36.701,FLRF03E11,3372,75.0,232.0,47.18053,6.80047,,,0,0,0,0
MSG,3,,,3DD37F,,2025/12/05,14:09:36.703,2025/12/05,14:09:36.703,FLR3DD37F,570,83.0,229.0,63.99643,-16.92892,,,0,0,0,0
MSG,3,,,40317C,,2025/12/05,14:09:36.706,2025/12/05,14:09:36.706,FLR40317C,2312,97.0,69.0,52.43512,1.45015,,,0,0,0,0
MSG,3,,,F9C93C,,2025/12/05,14:09:36.708,2025/12/05,14:09:36.708,FLRF9C93C,5141,44.0,189.0,47.25185,6.85983,,,0,0,0,0
MSG,3,,,485F11,,2025/12/05,14:09:36.710,2025/12/05,14:09:36.710,ICA485F11,2096,102.0,312.0,50.98400,5.21507,,,0,0,0,0
MSG,3,,,440666,,2025/12/05,14:09:36.716,2025/12/05,14:09:36.716,OE-LBJ,10844,351.0,201.0,60.15433,10.82773,,,0,0,0,0
MSG,3,,,4ACAB2,,2025/12/05,14:09:36.718,2025/12/05,14:09:36.718,ICA4ACAB2,9803,306.0,202.0,60.25203,10.92848,,,0,0,0,0
MSG,3,,,4A5653,,2025/12/05,14:09:36.721,2025/12/05,14:09:36.721,ICA4A5653,34143,447.0,100.0,49.76177,11.96650,,,0,0,0,0
MSG,3,,,A2ABCA,,2025/12/05,14:09:36.727,2025/12/05,14:09:36.727,ICAA2ABCA,6767,79.0,211.0,27.60042,-81.61320,,,0,0,0,0
MSG,3,,,E94C89,,2025/12/05,14:09:36.730,2025/12/05,14:09:36.730,ICAE94C89,7058,206.0,180.0,40.77540,-3.57623,,,0,0,0,0
MSG,3,,,3E637D,,2025/12/05,14:09:36.730,2025/12/05,14:09:36.730,D-KCWJ,13319,66.0,36.0,-23.97670,17.99873,,,0,0,0,0
MSG,3,,,3E6C7C,,2025/12/05,14:09:36.731,2025/12/05,14:09:36.731,D-KGGY,11333,100.0,267.0,-24.13085,17.72602,,,0,0,0,0
MSG,3,,,3E7378,,2025/12/05,14:09:36.732,2025/12/05,14:09:36.732,D-KIXS,15396,63.0,84.0,-24.20380,17.47997,,,0,0,0,0
MSG,3,,,3E79D0,,2025/12/05,14:09:36.732,2025/12/05,14:09:36.732,D-KLIE,13532,76.0,263.0,-23.12322,18.42087,,,0,0,0,0
MSG,3,,,3ED88F,,2025/12/05,14:09:36.733,2025/12/05,14:09:36.733,D-KWYX,13860,119.0,350.0,-25.00188,19.15003,,,0,0,0,0
MSG,3,,,D001CD,,2025/12/05,14:09:36.734,2025/1,,,,,,,,,,,,,
MSG,3,,,3E38C5,,2025/12/05,14:09:36.737,2025/12/05,14:09:36.737,ICA3E38C5,11768,172.0,276.0,47.94323,15.33908,,,0,0,0,0
MSG,3,,,A000CA,,2025/12/05,14:09:36.739,2025/12/05,14:09:36.739,ICAA000CA,17672,304.0,265.0,48.82140,8.85107,,,0,0,0,0
MSG,3,,,505CEB,,2025/12/05,14:09:36.741,2025/12/05,14:09:36.741,ICA505CEB,1827,158.0,114.0,52.20237,20.83642,,,0,0,0,0
MSG,3,,,480733,,2025/12/05,14:09:36.743,2025/12/05,14:09:36.743,FLR480733,1424,89.0,91.0,47.82183,16.20852,,,0,0,0,0
MSG,3,,,4CC547,,2025/12/05,14:09:36.745,2025/12/05,14:09:36.745,ICA4CC547,7914,333.0,317.0,63.52808,-22.01418,,,0,0,0,0
MSG,3,,,4D23F9,,2025/12/05,14:09:36.747,2025/12/05,14:09:36.747,ICA4D23F9,9837,371.0,347.0,54.99060,12.75365,,,0,0,0,0
MSG,3,,,4B1A27,,2025/12/05,14:09:36.750,2025/12/05,14:09:36.750,ICA4B1A27,33296,430.0,12.0,49.60320,9.40943,,,0,0,0,0
MSG,3,,,DB0092,,2025/12/05,14:09:36.756,2025/12/05,14:09:36.756,FLRDB0092,5017,111.0,346.0,46.67715,6.54503,,,0,0,0,0
MSG,3,,,471F06,,2025/12/05,14:09:36.761,2025/12/05,14:09:36.761,ICA471F06,10266,308.0,46.0,50.65570,4.35930,,,0,0,0,0
MSG,3,,,4AB56F,,2025/12/05,14:09:36.763,2025/12/05,14:09:36.763,ICA4AB56F,12650,271.0,155.0,58.12710,11.48175,,,0,0,0,0
MSG,3,,,3C66A1,,2025/12/05,14:09:36.765,2025/12/05,14:09:36.765,D-AIUA,26207,410.0,199.0,49.08618,8.32930,,,0,0,0,0
MSG,3,,,440536,,2025/12/05,14:09:36.767,2025/12/05,14:09:36.767,OE-GIE,35526,400.0,188.0,49.96787,9.05307,,,0,0,0,0
MSG,3,,,38E89C,,2025/12/05,14:09:36.769,2025/12/05,14:09:36.769,FLR38E89C,2454,151.0,350.0,51.16273,3.61423,,,0,0,0,0
MSG,3,,,4AB56F,,2025/12/05,14:09:36.774,2025/12/05,14:09:36.774,ICA4AB56F,12647,271.0,155.0,58.12712,11.48173,,,0,0,0,0
MSG,3,,,440666,,2025/12/05,14:09:36.776,2025/12/05,14:09:36.776,OE-LBJ,10847,351.0,201.0,60.15433,10.82775,,,0,0,0,0
MSG,3,,,440666,,2025/12/05,14:09:36.778,202,,,,,,,,,,,,,
MSG,3,,,500245,,2025/12/05,14:09:36.780,2025/12/05,14:09:36.780,ICA500245,5259,181.0,198.0,53.53263,9.84717,,,0,0,0,0
MSG,3,,,485876,,2025/12/05,14:09:36.783,2025/12/05,14:09:36.783,ICA485876,17384,333.0,281.0,52.44780,6.10367,,,0,0,0,0
MSG,3,,,4864ED,,2025/12/05,14:09:36.785,2025/12/05,14:09:36.785,ICA4864ED,39043,423.0,258.0,53.08827,9.39512,,,0,0,0,0
MSG,3,,,46B434,,2025/12/05,14:09:36.787,2025/12/05,14:09:36.787,ICA46B434,25730,428.0,275.0,50.55800,7.42595,,,0,0,0,0
MSG,3,,,040233,,2025/12/05,14:09:36.790,2025/12/05,14:09:36.790,ICA040233,15569,340.0,4.0,-3.06248,29.45622,,,0,0,0,0
MSG,3,,,48AD03,,2025/12/05,14:09:36.791,2025/12/05,14:09:36.791,SP-LID,6134,261.0,150.0,52.03188,21.08508,,,0,0,0,0
MSG,3,,,48AD03,,2025/12/05,14:09:36.793,2025/12/05,14:09:36.793,SP-LID,6121,261.0,150.0,52.03188,21.08507,,,0,0,0,0
MSG,3,,,4ACB02,,2025/12/05,14:09:36.795,2025/12/05,14:09:36.795,ICA4ACB02,29579,385.0,16.0,62.18537,19.28977,,,0,0,0,0
MSG,3,,,440666,,2025/12/05,14:09:36.799,2025/12/05,14:09:36.799,OE-LBJ,10843,351.0,201.0,60.15435,10.82775,,,0,0,0,0
MSG,3,,,4ACB02,,2025/12/05,14:09:36.802,2025/12/05,14:09:36.802,ICA4ACB02,29578,385.0,16.0,62.18537,19.28977,,,0,0,0,0
MSG,3,,,3452C8,,2025/12/05,14:09:36.807,2025/12/05,14:09:36.807,ICA3452C8,11104,297.0,27.0,40.86538,-3.86580,,,0,0,0,0
MSG,3,,,471F06,,2025/12/05,14:09:36.814,2025/12/05,14:09:36.814,ICA471F06,10274,322.0,67.0,50.65583,4.35910,,,0,0,0,0
MSG,3,,,48A687,,2025/12/05,14:09:36.816,2025/12/05,14:09:36.816,ICA48A687,1222,102.0,353.0,52.43170,20.68613,,,0,0,0,0
MSG,3,,,FAF56D,,2025/12/05,14:09:36.819,2025/12/05,14:09:36.819,FLRFAF56D,1752,148.0,319.0,52.90985,-1.80713,,,0,0,0,0
MSG,3,,,4AB569,,2025/12/05,14:09:36.822,2025/12/05,14:09:36.822,ICA4AB569,5855,183.0,257.0,50.05423,19.88398,,,0,0,0,0
MSG,3,,,3C56EB,,2025/12/05,14:09:36.824,20,,,,,,,,,,,,,
MSG,3,,,4079CC,,2025/12/05,14:09:36.827,2025/12/05,14:09:36.827,ICA4079CC,36343,482.0,112.0,49.14172,12.34375,,,0,0,0,0
MSG,3,,,4BA8D0,,2025/12/05,14:09:36.829,2025/12/05,14:09:36.829,TC-JFP,12352,300.0,304.0,49.68955,9.73632,,,0,0,0,0
MSG,3,,,486871,,2025/12/05,14:09:36.831,2025/12/05,14:09:36.831,ICA486871,4847,151.0,186.0,53.09415,7.03235,,,0,0,0,0
MSG,3,,,4CA762,,2025/12/05,14:09:36.837,2025/12/05,14:09:36.837,EI-EFG,14402,288.0,22.0,40.75925,-3.98972,,,0,0,0,0
MSG,3,,,4078B7,,2025/12/05,14:09:36.842,2025/12/05,14:09:36.842,ICA4078B7,11160,252.0,336.0,53.17113,-1.51580,,,0,0,0,0
MSG,3,,,505FA0,,2025/12/05,14:09:36.844,2025/12/05,14:09:36.844,ICA505FA0,6934,201.0,265.0,48.99518,2.99682,,,0,0,0,0
MSG,3,,,3009B7,,2025/12/05,14:09:36.849,2025/12/05,14:09:36.849,ICA3009B7,7704,295.0,70.0,50.14232,8.56610,,,0,0,0,0
MSG,3,,,4D240F,,2025/12/05,14:09:36.852,2025/12/05,14:09:36.852,ICA4D240F,11111,335.0,106.0,51.13367,6.84800,,,0,0,0,0
MSG,3,,,4AB569,,2025/12/05,14:09:36.854,2025/12/05,14:09:36.854,ICA4AB569,5862,183.0,257.0,50.05423,19.88397,,,0,0,0,0
MSG,3,,,4405A6,,2025/12/05,14:09:36.857,2025/12/05,14:09:36.857,ICA4405A6,30389,420.0,127.0,47.71447,7.59762,,,0,0,0,0
MSG,3,,,4D236A,,2025/12/05,14:09:36.859,2025/12/05,14:09:36.859,ICA4D236A,35439,440.0,271.0,45.79448,8.94802,,,0,0,0,0
MSG,3,,,4D240F,,2025/12/05,14:09:36.862,2025/12/05,14:09:36.862,ICA4D240F,11107,335.0,106.0,51.13367,6.84797,,,0,0,0,0
MSG,3,,,4CA762,,2025/12/05,14:09:36.863,2025/12/05,14:09:36.863,EI-EFG,14437,288.0,22.0,40.75925,-3.98972,,,0,0,0,0
MSG,3,,,4C348C,,2025/12/05,14:09:36.867,2025/12/05,14:09:36.867,ICA4C348C,39318,377.0,291.0,46.42257,11.58308,,,0,0,0,0
MSG,3,,,34260E,,2025/12/05,14:09:36.873,2025/12/05,14:09:36.873,EC-KHM,17021,328.0,206.0,51.84517,4.70512,,,0,0,0,0
MSG,3,,,4D2428,,2025/12/05,14:09:36.875,20,,,,,,,,,,,,,
MSG,3,,,34260E,,2025/12/05,14:09:36.878,2025/12/05,14:09:36.878,EC-KHM,17042,332.0,206.0,51.84517,4.70513,,,0,0,0,0
MSG,3,,,0101BE,,2025/12/05,14:09:36.880,2025/12/05,14:09:36.880,ICA0101BE,26383,446.0,158.0,50.52170,7.90982,,,0,0,0,0
MSG,3,,,48ADA5,,2025/12/05,14:09:36.883,2025/12/05,14:09:36.883,SP-LNF,35159,420.0,263.0,51.75333,10.85372,,,0,0,0,0
MSG,3,,,486802,,2025/12/05,14:09:36.886,2025/12/05,14:09:36.886,ICA486802,39184,429.0,324.0,51.34158,8.01512,,,0,0,0,0
MSG,3,,,3C6643,,2025/12/05,14:09:36.888,2025/12/05,14:09:36.888,D-AIRC,34218,471.0,154.0,40.75827,11.47472,,,0,0,0,0
MSG,3,,,0A0026,,2025/12/05,14:09:36.890,2025/12/05,14:09:36.890,7T-VJS,9722,291.0,204.0,45.54875,8.49515,,,0,0,0,0
MSG,3,,,4CAFF8,,2025/12/05,14:09:36.892,2025/12/05,14:09:36.892,ICA4CAFF8,1847,202.0,41.0,55.65242,12.71087,,,0,0,0,0
MSG,3,,,3C6469,,2025/12/05,14:09:36.894,2025/12/05,14:09:36.894,D-AICI,4533,173.0,263.0,48.38405,12.04787,,,0,0,0,0
MSG,3,,,4BA8D0,,2025/12/05,14:09:36.897,2025/12/05,14:09:36.897,TC-JFP,12331,300.0,304.0,49.68953,9.73638,,,0,0,0,0
MSG,3,,,48ADAD,,2025/12/05,14:09:36.903,2025/12/05,14:09:36.903,ICA48ADAD,13176,349.0,6.0,51.72893,20.91700,,,0,0,0,0
MSG,3,,,40111C,,2025/12/05,14:09:36.906,2025/12/05,14:09:36.906,G-DKNY,1584,143.0,340.0,53.03237,-1.13788,,,0,0,0,0
MSG,3,,,3D1525,,2025/12/05,14:09:36.910,2025/12/05,14:09:36.910,ICA3D1525,2131,98.0,13.0,52.09333,10.91842,,,0,0,0,0
MSG,3,,,4BB855,,2025/12/05,14:09:36.912,2025/12/05,14:09:36.912,ICA4BB855,32268,449.0,112.0,48.56130,11.19682,,,0,0,0,0
MSG,3,,,3C4A12,,2025/12/05,14:09:36.914,2025/12/05,14:09:36.914,ICA3C4A12,23593,426.0,317.0,49.06733,10.90798,,,0,0,0,0
MSG,3,,,3C6445,,2025/12/05,14:09:36.916,2025/12/05,14:09:36.916,D-AIBE,29393,415.0,259.0,50.71767,11.39197,,,0,0,0,0
MSG,3,,,34258F,,2025/12/05,14:09:36.918,2025/12/05,,,,,,,,,,,,,
MSG,3,,,4C0176,,2025/12/05,14:09:36.921,2025/12/05,14:09:36.921,ICA4C0176,10618,290.0,312.0,47.52838,19.30580,,,0,0,0,0
MSG,3,,,8960F6,,2025/12/05,14:09:36.924,2025/12/05,14:09:36.924,A6-EDU,10512,280.0,77.0,41.50207,12.25033,,,0,0,0,0
MSG,3,,,3D0565,,2025/12/05,14:09:36.931,2025/12/05,14:09:36.931,FLR3D0565,892,66.0,186.0,52.19115,9.99238,,,0,0,0,0
MSG,3,,,478777,,2025/12/05,14:09:36.936,2025/12/05,14:09:36.936,LN-KYV,3902,215.0,186.0,62.29715,4.68908,,,0,0,0,0
MSG,3,,,3C4A12,,2025/12/05,14:09:36.938,2025/12/05,14:09:36.938,ICA3C4A12,23593,426.0,317.0,49.06730,10.90802,,,0,0,0,0
MSG,3,,,440D70,,2025/12/05,14:09:36.940,2025/12/05,14:09:36.940,ICA440D70,22235,435.0,273.0,50.37253,10.39852,,,0,0,0,0
MSG,3,,,49D62D,,2025/12/05,14:09:36.942,2025/12/05,14:09:36.942,ICA49D62D,40373,450.0,81.0,52.21275,17.90248,,,0,0,0,0
MSG,3,,,4AC8A8,,2025/12/05,14:09:36.944,2025/12/05,14:09:36.944,ICA4AC8A8,7928,305.0,122.0,55.68097,11.85175,,,0,0,0,0
MSG,3,,,46B830,,2025/12/05,14:09:36.946,2025/12/05,14:09:36.946,ICA46B830,36321,466.0,144.0,48.30968,9.26343,,,0,0,0,0
MSG,3,,,49D508,,2025/12/05,14:09:36.949,2025/12/05,14:09:36.949,ICA49D508,44618,458.0,24.0,48.51530,-4.59085,,,0,0,0,0
MSG,3,,,3009B7,,2025/12/05,14:09:36.951,2025/12/05,14:09:36.951,ICA3009B7,7704,294.0,70.0,50.14230,8.56602,,,0,0,0,0
MSG,3,,,4D240F,,2025/12/05,14:09:36.953,2025/12/05,14:09:36.953,ICA4D240F,11118,335.0,106.0,51.13367,6.84798,,,0,0,0,0
MSG,3,,,3E2793,,2025/12/05,14:09:36.958,2025/12/05,14:09:36.958,ICA3E2793,16556,265.0,57.0,51.61300,7.36737,,,0,0,0,0
MSG,3,,,4D22B5,,2025/12/05,14:09:36.961,2025/12/05,14:09:36.961,ICA4D22B5,13433,338.0,229.0,47.84577,16.13508,,,0,0,0,0
MSG,3,,,491312,,2025/12/05,14:09:36.963,,,,,,,,,,,,,,
MSG,3,,,4ACA0C,,2025/12/05,14:09:36.965,2025/12/05,14:09:36.965,ICA4ACA0C,16431,383.0,197.0,59.88238,10.67657,,,0,0,0,0
MSG,3,,,3C6473,,2025/12/05,14:09:36.968,2025/12/05,14:09:36.968,ICA3C6473,10747,352.0,69.0,50.04202,8.14745,,,0,0,0,0
MSG,3,,,406FAB,,2025/12/05,14:09:36.970,2025/12/05,14:09:36.970,FLR406FAB,679,36.0,93.0,54.00743,-0.94488,,,0,0,0,0
MSG,3,,,3C56F1,,2025/12/05,14:09:36.972,2025/12/05,14:09:36.972,D-AEWQ,14591,347.0,180.0,53.25267,9.85482,,,0,0,0,0
MSG,3,,,345645,,2025/12/05,14:09:36.977,2025/12/05,14:09:36.977,ICA345645,2242,165.0,246.0,41.35332,2.24302,,,0,0,0,0
MSG,3,,,45C203,,2025/12/05,14:09:36.980,2025/12/05,14:09:36.980,ICA45C203,4757,127.0,90.0,55.77273,11.23757,,,0,0,0,0
MSG,3,,,39E695,,2025/12/05,14:09:36.983,2025/12/05,14:09:36.983,ICA39E695,4403,256.0,80.0,47.11155,-1.55393,,,0,0,0,0
MSG,3,,,110A6F,,2025/12/05,14:09:36.983,2025/12/05,14:09:36.983,Wolle,1818,11.0,350.0,28.12602,-16.72703,,,0,0,0,0
MSG,3,,,4CAF2A,,2025/12/05,14:09:36.989,2025/12/05,14:09:36.989,ICA4CAF2A,5375,189.0,153.0,52.35973,-1.67157,,,0,0,0,0
MSG,3,,,3CC8C8,,2025/12/05,14:09:36.992,2025/12/05,14:09:36.992,ICA3CC8C8,41861,403.0,225.0,39.15918,-4.28748,,,0,0,0,0
MSG,3,,,46B830,,2025/12/05,14:09:36.998,2025/12/05,14:09:36.998,ICA46B830,36318,465.0,144.0,48.30802,9.26523,,,0,0,0,0
MSG,3,,,4BAA5A,,2025/12/05,14:09:37.000,2025/12/05,14:09:37.000,TC-JRZ,34268,441.0,118.0,48.63263,12.16523,,,0,0,0,0
MSG,3,,,DDB6B4,,2025/12/05,14:09:37.002,2025/12/05,14:09:37.002,VH-HDP,118,1.0,221.0,-34.04415,150.67978,,,0,0,0,0
MSG,3,,,3D4D2C,,2025/12/05,14:09:37.005,2025/12/05,14:09:37.005,ICA3D4D2C,1952,176.0,335.0,51.27453,6.30900,,,0,0,0,0
MSG,3,,,200F48,,2025/12/05,14:09:37.007,2025/12/05,14:09:37.007,FLR200F48,1660,15.0,32.0,28.13348,-16.73675,,,0,0,0,0
MSG,3,,,3481D6,,2025/12/05,14:09:37.009,2025/12/0,,,,,,,,,,,,,
MSG,3,,,4CAD92,,2025/12/05,14:09:37.012,2025/12/05,14:09:37.012,ICA4CAD92,8293,274.0,211.0,55.98672,13.58853,,,0,0,0,0
MSG,3,,,33FD4A,,2025/12/05,14:09:37.014,2025/12/05,14:09:37.014,ICA33FD4A,2070,133.0,262.0,41.68812,12.72197,,,0,0,0,0
MSG,3,,,4031CD,,2025/12/05,14:09:37.020,2025/12/05,14:09:37.020,FLR4031CD,413,44.0,149.0,52.60658,-1.03295,,,0,0,0,0
MSG,3,,,4ACA0C,,2025/12/05,14:09:37.022,2025/12/05,14:09:37.022,ICA4ACA0C,16434,383.0,197.0,59.88238,10.67657,,,0,0,0,0
MSG,3,,,3D4D2C,,2025/12/05,14:09:37.025,2025/12/05,14:09:37.025,ICA3D4D2C,1946,177.0,335.0,51.27455,6.30900,,,0,0,0,0
MSG,3,,,4BC846,,2025/12/05,14:09:37.027,2025/12/05,14:09:37.027,ICA4BC846,2975,153.0,245.0,50.44582,4.40483,,,0,0,0,0
MSG,3,,,4ACA0C,,2025/12/05,14:09:37.030,2025/12/05,14:09:37.030,ICA4ACA0C,16437,383.0,197.0,59.88238,10.67655,,,0,0,0,0
MSG,3,,,4ACA0C,,2025/12/05,14:09:37.032,2025/12/05,14:09:37.032,ICA4ACA0C,16431,383.0,197.0,59.88238,10.67655,,,0,0,0,0
MSG,3,,,4D228F,,2025/12/05,14:09:37.037,2025/12/05,14:09:37.037,ICA4D228F,8232,284.0,236.0,41.06583,1.96410,,,0,0,0,0
MSG,3,,,DDDA0A,,2025/12/05,14:09:37.040,2025/12/05,14:09:37.040,G-CGBN,161,28.0,256.0,51.94285,0.80115,,,0,0,0,0
MSG,3,,,494141,,2025/12/05,14:09:37.042,2025/12/05,14:09:37.042,ICA494141,43591,391.0,223.0,65.55387,19.36207,,,0,0,0,0
MSG,3,,,458846,,2025/12/05,14:09:37.044,2025/12/05,14:09:37.044,ICA458846,44050,456.0,27.0,56.52120,15.08338,,,0,0,0,0
MSG,3,,,3C6473,,2025/12/05,14:09:37.050,2025/12/05,14:09:37.050,ICA3C6473,10747,354.0,69.0,50.04202,8.14743,,,0,0,0,0
MSG,3,,,46B830,,2025/12/05,14:09:37.051,2025/12/05,14:09:37.051,ICA46B830,36318,465.0,143.0,48.30967,9.26340,,,0,0,0,0
MSG,3,,,3175A4,,2025/12/05,14:09:37.053,,,,,,,,,,,,,,
MSG,3,,,87B190,,2025/12/05,14:09:37.055,2025/12/05,14:09:37.055,FLR87B190,377,0.0,0.0,51.76577,-1.19177,,,0,0,0,0
MSG,3,,,345084,,2025/12/05,14:09:37.056,2025/12/05,14:09:37.056,ICA345084,7549,270.0,86.0,40.39235,-3.36910,,,0,0,0,0
MSG,3,,,4BCE13,,2025/12/05,14:09:37.058,2025/12/05,14:09:37.058,ICA4BCE13,36218,437.0,124.0,49.91140,11.89538,,,0,0,0,0
MSG,3,,,49D0EB,,2025/12/05,14:09:37.060,2025/12/05,14:09:37.060,ICA49D0EB,6092,235.0,246.0,50.57867,4.86653,,,0,0,0,0
MSG,3,,,44CE8D,,2025/12/05,14:09:37.062,2025/12/05,14:09:37.062,ICA44CE8D,1826,118.0,95.0,50.35590,3.95297,,,0,0,0,0
MSG,3,,,3C6917,,2025/12/05,14:09:37.064,2025/12/05,14:09:37.064,ICA3C6917,34209,440.0,101.0,51.78345,11.30182,,,0,0,0,0
MSG,3,,,400EC8,,2025/12/05,14:09:37.065,2025/12/05,14:09:37.065,G-BYUD,3593,73.0,141.0,54.42680,-1.27463,,,0,0,0,0
MSG,3,,,3965A5,,2025/12/05,14:09:37.066,2025/12/05,14:09:37.066,F-GZNF,17206,309.0,249.0,49.57622,4.12657,,,0,0,0,0
MSG,3,,,4ACA74,,2025/12/05,14:09:37.068,2025/12/05,14:09:37.068,ICA4ACA74,11917,315.0,20.0,52.31417,21.13615,,,0,0,0,0
MSG,3,,,06A0AC,,2025/12/05,14:09:37.073,2025/12/05,14:09:37.073,A7-BCH,5092,250.0,174.0,51.19517,6.63750,,,0,0,0,0
MSG,3,,,4069DC,,2025/12/05,14:09:37.074,2025/12/05,14:09:37.074,G-CICC,1824,54.0,183.0,51.83105,-0.67108,,,0,0,0,0
MSG,3,,,D0062F,,2025/12/05,14:09:37.077,2025/12/05,14:09:37.077,FLRD0062F,217,11.0,270.0,52.79400,-2.66655,,,0,0,0,0
MSG,3,,,488912,,2025/12/05,14:09:37.078,2025/12/05,14:09:37.078,ICA488912,17023,294.0,264.0,51.80070,2.44852,,,0,0,0,0
MSG,3,,,400EC8,,2025/12/05,14:09:37.079,2025/12/05,14:09:37.079,G-BYUD,3593,73.0,141.0,54.42680,-1.27463,,,0,0,0,0
MSG,3,,,D00663,,2025/12/05,14:09:37.082,2025/12/05,14:09:37.082,G-YAAA,1424,152.0,344.0,54.14588,-1.41182,,,0,0,0,0
MSG,3,,,4C01E4,,2025/12/05,14:09:37.086,2025/12/05,14:09:37.086,YU-APE,34189,482.0,115.0,49.38623,8.33543,,,0,0,0,0
MSG,3,,,392AEC,,2025/12/05,14:09:37.087,2025/12/05,14:09:37.,,,,,,,,,,,,
MSG,3,,,4ACA0C,,2025/12/05,14:09:37.089,2025/12/05,14:09:37.089,ICA4ACA0C,16444,383.0,197.0,59.88242,10.67658,,,0,0,0,0
MSG,3,,,400EC9,,2025/12/05,14:09:37.090,2025/12/05,14:09:37.090,G-BYUE,4905,61.0,130.0,52.84797,-0.37623,,,0,0,0,0
MSG,3,,,4912C8,,2025/12/05,14:09:37.092,2025/12/05,14:09:37.092,ICA4912C8,44493,404.0,201.0,48.41125,2.44585,,,0,0,0,0
MSG,3,,,4CC4D2,,2025/12/05,14:09:37.099,2025/12/05,14:09:37.099,ICA4CC4D2,17071,279.0,223.0,65.45200,-18.91913,,,0,0,0,0
MSG,3,,,4CA891,,2025/12/05,14:09:37.101,2025/12/05,14:09:37.101,EI-ENE,4645,194.0,124.0,40.42867,-3.48550,,,0,0,0,0
MSG,3,,,06A0AC,,2025/12/05,14:09:37.105,2025/12/05,14:09:37.105,A7-BCH,5094,250.0,174.0,51.19520,6.63748,,,0,0,0,0
MSG,3,,,400E9B,,2025/12/05,14:09:37.106,2025/12/05,14:09:37.106,G-BYWX,1313,64.0,90.0,52.37763,-0.34292,,,0,0,0,0
MSG,3,,,400EB3,,2025/12/05,14:09:37.107,2025/12/05,14:09:37.107,G-BYXZ,1920,90.0,269.0,52.48988,-0.28938,,,0,0,0,0
MSG,3,,,3C66EA,,2025/12/05,14:09:37.109,2025/12/05,14:09:37.109,ICA3C66EA,5657,281.0,324.0,50.07177,9.04357,,,0,0,0,0
MSG,3,,,4ACA74,,2025/12/05,14:09:37.111,2025/12/05,14:09:37.111,ICA4ACA74,11904,315.0,20.0,52.31415,21.13615,,,0,0,0,0
MSG,3,,,DDA66E,,2025/12/05,14:09:37.116,2025/12/05,14:09:37.116,F-COZS,715,0.0,0.0,43.61465,6.69947,,,0,0,0,0
MSG,3,,,488912,,2025/12/05,14:09:37.118,2025/12/05,14:09:37.118,ICA488912,17024,294.0,264.0,51.80070,2.44852,,,0,0,0,0
MSG,3,,,488912,,2025/12/05,14:09:37.123,2025/12/05,14:09:37.123,ICA488912,17023,294.0,264.0,51.80070,2.44850,,,0,0,0,0
MSG,3,,,4ACA0C,,2025/12/05,14:09:37.126,2025/12/05,14:09:37.126,ICA4ACA0C,16431,383.0,197.0,59.88242,10.67658,,,0,0,0,0
MSG,3,,,3FF1A1,,2025/12/05,14:09:37.128,2025/12/05,14:09:37.128,ICA3FF1A1,1997,0.0,0.0,52.60835,10.25977,,,0,0,0,0
MSG,3,,,4D00CA,,2025/12/05,14:09:37.130,2025/12/05,14:09:37,,,,,,,,,,,,
MSG,3,,,4D00CA,,2025/12/05,14:09:37.132,2025/12/05,14:09:37.132,LX-LGG,16793,297.0,286.0,51.60695,2.19082,,,0,0,0,0
MSG,3,,,4ACA63,,2025/12/05,14:09:37.135,2025/12/05,14:09:37.135,ICA4ACA63,9300,337.0,195.0,56.06968,12.51552,,,0,0,0,0
MSG,3,,,478123,,2025/12/05,14:09:37.137,2025/12/05,14:09:37.137,ICA478123,381,2.0,158.0,59.23347,5.24733,,,0,0,0,0
MSG,3,,,4CC531,,2025/12/05,14:09:37.142,2025/12/05,14:09:37.142,ICA4CC531,4883,127.0,132.0,64.55303,-22.32523,,,0,0,0,0
MSG,3,,,DF0C45,,2025/12/05,14:09:37.148,2025/12/05,14:09:37.148,FLRDF0C45,3278,74.0,155.0,45.07390,7.54592,,,0,0,0,0
MSG,3,,,4AB5D5,,2025/12/05,14:09:37.150,2025/12/05,14:09:37.150,ICA4AB5D5,4141,210.0,341.0,62.32378,17.60342,,,0,0,0,0
MSG,3,,,400E8E,,2025/12/05,14:09:37.151,2025/12/05,14:09:37.151,G-BYWK,4400,75.0,283.0,53.07465,-0.64850,,,0,0,0,0
MSG,3,,,400EA5,,2025/12/05,14:09:37.152,2025/12/05,14:09:37.152,G-BYXH,3180,141.0,312.0,52.17590,-0.88978,,,0,0,0,0
MSG,3,,,4CAC7F,,2025/12/05,14:09:37.154,2025/12/05,14:09:37.154,EI-EZR,3360,175.0,260.0,41.38590,2.34808,,,0,0,0,0
MSG,3,,,4B1617,,2025/12/05,14:09:37.155,2025/12/05,14:09:37.155,HB-IJN,29830,468.0,5.0,48.90217,9.30587,,,0,0,0,0
MSG,3,,,407FDA,,2025/12/05,14:09:37.158,2025/12/05,14:09:37.158,ICA407FDA,34271,466.0,120.0,49.38903,8.76363,,,0,0,0,0
MSG,3,,,DDE48F,,2025/12/05,14:09:37.160,2025/12/05,14:09:37.160,G-DJAD,5476,24.0,251.0,55.57907,-2.13855,,,0,0,0,0
MSG,3,,,A000CA,,2025/12/05,14:09:37.162,2025/12/05,14:09:37.162,ICAA000CA,17664,305.0,265.0,48.82128,8.84892,,,0,0,0,0
MSG,3,,,400ED3,,2025/12/05,14:09:37.163,2025/12/05,14:09:37.163,G-BYUO,7137,81.0,118.0,52.94790,-0.32167,,,0,0,0,0
MSG,3,,,744822,,2025/12/05,14:09:37.165,2025/12/05,14:09:37.165,ICA744822,26899,390.0,166.0,48.90497,8.61690,,,0,0,0,0
MSG,3,,,485789,,2025/12/05,14:09:37.170,2025/12/05,14:09:,,,,,,,,,,,,
MSG,3,,,4D23F9,,2025/12/05,14:09:37.173,2025/12/05,14:09:37.173,ICA4D23F9,9771,371.0,347.0,54.99227,12.75298,,,0,0,0,0
MSG,3,,,47885F,,2025/12/05,14:09:37.178,2025/12/05,14:09:37.178,ICA47885F,13612,271.0,243.0,69.50358,19.59852,,,0,0,0,0
MSG,3,,,4CAC7A,,2025/12/05,14:09:37.180,2025/12/05,14:09:37.180,ICA4CAC7A,2853,188.0,41.0,55.48277,12.43487,,,0,0,0,0
MSG,3,,,400EC9,,2025/12/05,14:09:37.181,2025/12/05,14:09:37.181,G-BYUE,4905,61.0,130.0,52.84797,-0.37623,,,0,0,0,0
MSG,3,,,DDE6A5,,2025/12/05,14:09:37.183,2025/12/05,14:09:37.183,ZE495,1611,16.0,141.0,53.02143,-0.90630,,,0,0,0,0
MSG,3,,,347394,,2025/12/05,14:09:37.185,2025/12/05,14:09:37.185,ICA347394,2849,110.0,91.0,36.69017,-6.05017,,,0,0,0,0
MSG,3,,,4D02A5,,2025/12/05,14:09:37.187,2025/12/05,14:09:37.187,LX-JFP,10370,267.0,64.0,49.59588,5.76820,,,0,0,0,0
MSG,3,,,4B0EBA,,2025/12/05,14:09:37.189,2025/12/05,14:09:37.189,ICA4B0EBA,29468,163.0,290.0,46.72818,8.36328,,,0,0,0,0
MSG,3,,,3D3720,,2025/12/05,14:09:37.191,2025/12/05,14:09:37.191,ICA3D3720,2496,93.0,105.0,50.63777,7.07092,,,0,0,0,0
MSG,3,,,4CACB4,,2025/12/05,14:09:37.194,2025/12/05,14:09:37.194,ICA4CACB4,6944,319.0,242.0,55.53730,12.64367,,,0,0,0,0
MSG,3,,,4CC547,,2025/12/05,14:09:37.197,2025/12/05,14:09:37.197,ICA4CC547,7900,333.0,317.0,63.52920,-22.01650,,,0,0,0,0
MSG,3,,,4D02A5,,2025/12/05,14:09:37.198,2025/12/05,14:09:37.198,LX-JFP,10367,267.0,64.0,49.59588,5.76820,,,0,0,0,0
MSG,3,,,3E1A67,,2025/12/05,14:09:37.204,2025/12/05,14:09:37.204,ICA3E1A67,42293,399.0,37.0,49.10755,9.93383,,,0,0,0,0
MSG,3,,,452186,,2025/12/05,14:09:37.211,2025/12/05,14:09:37.211,ICA452186,35754,455.0,215.0,38.05212,-1.42697,,,0,0,0,0
MSG,3,,,DDE48F,,2025/12/05,14:09:37.213,2025/12/05,1,,,,,,,,,,,,
MSG,3,,,452186,,2025/12/05,14:09:37.215,2025/12/05,14:09:37.215,ICA452186,35786,455.0,215.0,38.05212,-1.42697,,,0,0,0,0
MSG,3,,,484FDE,,2025/12/05,14:09:37.218,2025/12/05,14:09:37.218,PH-BCD,34518,500.0,121.0,51.40252,7.42847,,,0,0,0,0
MSG,3,,,3D3AAE,,2025/12/05,14:09:37.220,2025/12/05,14:09:37.220,ICA3D3AAE,10777,160.0,120.0,48.36677,11.97083,,,0,0,0,0
MSG,3,,,4841A6,,2025/12/05,14:09:37.222,2025/12/05,14:09:37.222,PH-BXT,11156,348.0,126.0,52.19875,5.30545,,,0,0,0,0
MSG,3,,,448466,,2025/12/05,14:09:37.224,2025/12/05,14:09:37.224,ICA448466,6804,263.0,359.0,50.63235,5.28835,,,0,0,0,0
MSG,3,,,407F24,,2025/12/05,14:09:37.229,2025/12/05,14:09:37.229,FLR407F24,1742,50.0,135.0,52.94792,-0.13658,,,0,0,0,0
MSG,3,,,3D0831,,2025/12/05,14:09:37.232,2025/12/05,14:09:37.232,ICA3D0831,2805,112.0,135.0,50.46707,7.22878,,,0,0,0,0
MSG,3,,,4D245F,,2025/12/05,14:09:37.234,2025/12/05,14:09:37.234,ICA4D245F,36289,467.0,67.0,50.23778,8.45618,,,0,0,0,0
MSG,3,,,3C6542,,2025/12/05,14:09:37.236,2025/12/05,14:09:37.236,ICA3C6542,11029,312.0,264.0,63.83675,-21.01872,,,0,0,0,0
MSG,3,,,3C6542,,2025/12/05,14:09:37.241,2025/12/05,14:09:37.241,ICA3C6542,11029,312.0,264.0,63.83675,-21.01868,,,0,0,0,0
MSG,3,,,500351,,2025/12/05,14:09:37.243,2025/12/05,14:09:37.243,ICA500351,13361,332.0,1.0,52.95663,10.10750,,,0,0,0,0
MSG,3,,,448466,,2025/12/05,14:09:37.245,2025/12/05,14:09:37.245,ICA448466,6805,263.0,359.0,50.63237,5.28835,,,0,0,0,0
MSG,3,,,4D404C,,2025/12/05,14:09:37.247,2025/12/05,14:09:37.247,ICA4D404C,18677,326.0,163.0,48.75840,4.40633,,,0,0,0,0
MSG,3,,,395184,,2025/12/05,14:09:37.250,2025/12/05,14:09:37.250,F-GUME,15548,226.0,158.0,47.67525,-1.49420,,,0,0,0,0
MSG,3,,,4D226C,,2025/12/05,14:09:37.253,2025/12/05,14:09:37.253,ICA4D226C,10473,287.0,230.0,49.43633,10.77452,,,0,0,0,0
MSG,3,,,DDE1FB,,2025/12/05,14:09:37.25,,,,,,,,,,,,,,
MSG,3,,,4D226C,,2025/12/05,14:09:37.259,2025/12/05,14:09:37.259,ICA4D226C,10471,287.0,230.0,49.43632,10.77447,,,0,0,0,0
MSG,3,,,4D226C,,2025/12/05,14:09:37.265,2025/12/05,14:09:37.265,ICA4D226C,10477,287.0,230.0,49.43633,10.77452,,,0,0,0,0
MSG,3,,,44CE66,,2025/12/05,14:09:37.267,2025/12/05,14:09:37.267,OO-SSF,32438,399.0,306.0,49.65743,7.81130,,,0,0,0,0
MSG,3,,,48C124,,2025/12/05,14:09:37.269,2025/12/05,14:09:37.269,ICA48C124,2769,173.0,81.0,52.43040,20.43378,,,0,0,0,0
MSG,3,,,395184,,2025/12/05,14:09:37.271,2025/12/05,14:09:37.271,F-GUME,15545,226.0,158.0,47.67523,-1.49418,,,0,0,0,0
MSG,3,,,401E9D,,2025/12/05,14:09:37.274,2025/12/05,14:09:37.274,FLR401E9D,1394,98.0,229.0,52.25703,0.27372,,,0,0,0,0
MSG,3,,,4D23F9,,2025/12/05,14:09:37.277,2025/12/05,14:09:37.277,ICA4D23F9,9763,373.0,347.0,54.99227,12.75298,,,0,0,0,0
MSG,3,,,48B063,,2025/12/05,14:09:37.284,2025/12/05,14:09:37.284,ICA48B063,32584,390.0,16.0,49.38505,-0.70228,,,0,0,0,0
MSG,3,,,F88A00,,2025/12/05,14:09:37.286,2025/12/05,14:09:37.286,FLRF88A00,124,11.0,342.0,52.86107,-1.61738,,,0,0,0,0
MSG,3,,,400E8E,,2025/12/05,14:09:37.287,2025/12/05,14:09:37.287,G-BYWK,4400,75.0,283.0,53.07465,-0.64850,,,0,0,0,0
MSG,3,,,400E9B,,2025/12/05,14:09:37.292,2025/12/05,14:09:37.292,G-BYWX,1313,64.0,90.0,52.37763,-0.34292,,,0,0,0,0
MSG,3,,,400EB3,,2025/12/05,14:09:37.292,2025/12/05,14:09:37.292,G-BYXZ,1920,90.0,269.0,52.48988,-0.28938,,,0,0,0,0
MSG,3,,,400EC9,,2025/12/05,14:09:37.293,2025/12/05,14:09:37.293,G-BYUE,4905,61.0,130.0,52.84797,-0.37623,,,0,0,0,0
MSG,3,,,400ED3,,2025/12/05,14:09:37.293,2025/12/05,14:09:37.293,G-BYUO,7137,81.0,118.0,52.94790,-0.32167,,,0,0,0,0
MSG,3,,,3E65E8,,2025/12/05,14:09:37.294,2025/12/05,14:09:37.294,,,,,,,,,,,,
MSG,3,,,3C6542,,2025/12/05,14:09:37.296,2025/12/05,14:09:37.296,ICA3C6542,11029,312.0,264.0,63.83675,-21.01870,,,0,0,0,0
MSG,3,,,DDA933,,2025/12/05,14:09:37.298,2025/12/05,14:09:37.298,G-OWAI,1660,45.0,100.0,56.19050,-3.32725,,,0,0,0,0
MSG,3,,,48C2B1,,2025/12/05,14:09:37.301,2025/12/05,14:09:37.301,ICA48C2B1,7684,257.0,140.0,47.92897,16.49933,,,0,0,0,0
MSG,3,,,E94C89,,2025/12/05,14:09:37.304,2025/12/05,14:09:37.304,ICAE94C89,7047,206.0,179.0,40.77440,-3.57622,,,0,0,0,0
MSG,3,,,3CF19D,,2025/12/05,14:09:37.307,2025/12/05,14:09:37.307,D-CSUN,30922,433.0,216.0,41.40485,-1.48572,,,0,0,0,0
MSG,3,,,4D0110,,2025/12/05,14:09:37.309,2025/12/05,14:09:37.309,LX-RCV,33268,455.0,305.0,48.57697,9.86855,,,0,0,0,0
MSG,3,,,DDFA6D,,2025/12/05,14:09:37.312,2025/12/05,14:09:37.312,CC-ASG,2264,2.0,81.0,-33.38068,-70.58358,,,0,0,0,0
MSG,3,,,89621B,,2025/12/05,14:09:37.315,2025/12/05,14:09:37.315,A6-EGZ,32165,448.0,124.0,53.18760,11.87822,,,0,0,0,0
MSG,3,,,44CE66,,2025/12/05,14:09:37.318,2025/12/05,14:09:37.318,OO-SSF,32434,399.0,306.0,49.65743,7.81133,,,0,0,0,0
MSG,3,,,4080A2,,2025/12/05,14:09:37.323,2025/12/05,14:09:37.323,ICA4080A2,39239,468.0,292.0,50.26772,7.91855,,,0,0,0,0
MSG,3,,,400A7C,,2025/12/05,14:09:37.329,2025/12/05,14:09:37.329,G-DBCC,36218,439.0,109.0,49.44353,12.39313,,,0,0,0,0
MSG,3,,,3E46D6,,2025/12/05,14:09:37.331,2025/12/05,14:09:37.331,D-ISAG,40321,421.0,218.0,48.87587,9.34582,,,0,0,0,0
MSG,3,,,3C674E,,2025/12/05,14:09:37.334,2025/12/05,14:09:37.334,D-AIZN,14158,390.0,298.0,51.18462,7.79845,,,0,0,0,0
MSG,3,,,400ED3,,2025/12/05,14:09:37.335,2025/12/05,14:09:37.335,G-BYUO,7137,81.0,118.0,52.94790,-0.32167,,,0,0,0,0
MSG,3,,,3C674E,,2025/12/05,14:09:37.337,2025/12/05,14:09:37.337,D-AIZN,14133,382.0,298.0,51.18460,7.79847,,,0,0,0,0
MSG,3,,,40823B,,2025/12/05,14:09:37.339,2025/12/05,14:09:37.339,FLR40823B,2719,121.0,59.0,51.92248,0.75162,,,0,0,0,0
MSG,3,,,44C063,,2025/12/05,14:09:37.341,2025/12/05,14:09:37.341,,,,,,,,,,,,
MSG,3,,,484556,,2025/12/05,14:09:37.343,2025/12/05,14:09:37.343,PH-BXY,37168,448.0,336.0,49.74345,10.06640,,,0,0,0,0
MSG,3,,,4BB2A2,,2025/12/05,14:09:37.345,2025/12/05,14:09:37.345,ICA4BB2A2,34293,456.0,113.0,48.71367,10.65950,,,0,0,0,0
MSG,3,,,4079CD,,2025/12/05,14:09:37.347,2025/12/05,14:09:37.347,ICA4079CD,37243,478.0,289.0,50.40327,10.92052,,,0,0,0,0
MSG,3,,,4D0110,,2025/12/05,14:09:37.351,2025/12/05,14:09:37.351,LX-RCV,33268,455.0,305.0,48.57692,9.86867,,,0,0,0,0
MSG,3,,,4B18D9,,2025/12/05,14:09:37.354,2025/12/05,14:09:37.354,ICA4B18D9,40293,473.0,123.0,49.20588,9.76175,,,0,0,0,0
MSG,3,,,400EC8,,2025/12/05,14:09:37.355,2025/12/05,14:09:37.355,G-BYUD,3593,73.0,141.0,54.42680,-1.27463,,,0,0,0,0
MSG,3,,,D00663,,2025/12/05,14:09:37.359,2025/12/05,14:09:37.359,G-YAAA,1424,152.0,344.0,54.14588,-1.41182,,,0,0,0,0
MSG,3,,,0440D0,,2025/12/05,14:09:37.361,2025/12/05,14:09:37.361,FLR0440D0,788,0.0,70.0,50.06775,19.93200,,,0,0,0,0
MSG,3,,,44C063,,2025/12/05,14:09:37.364,2025/12/05,14:09:37.364,ICA44C063,11948,292.0,56.0,50.43523,3.60767,,,0,0,0,0
MSG,3,,,485F11,,2025/12/05,14:09:37.367,2025/12/05,14:09:37.367,ICA485F11,2102,102.0,312.0,50.98432,5.21452,,,0,0,0,0
MSG,3,,,400EA2,,2025/12/05,14:09:37.367,2025/12/05,14:09:37.367,G-BYXE,2937,84.0,222.0,56.27760,-2.83173,,,0,0,0,0
MSG,3,,,4D24D6,,2025/12/05,14:09:37.370,2025/12/05,14:09:37.370,ICA4D24D6,35234,422.0,263.0,52.02835,11.21102,,,0,0,0,0
MSG,3,,,39295D,,2025/12/05,14:09:37.373,2025/12/05,14:09:37.373,ICA39295D,4233,55.0,13.0,44.46253,3.54007,,,0,0,0,0
MSG,3,,,44068A,,2025/12/05,14:09:37.375,2025/12/05,14:09:37.375,OE-EGO,23051,246.0,238.0,44.56392,2.04670,,,0,0,0,0
MSG,3,,,4C8090,,2025/12/05,14:09:37.377,2025/12/05,14:09:37.377,ICA4C8090,11657,363.0,102.0,49.05988,2.73812,,,0,0,0,0
MSG,3,,,347650,,2025/12/05,14:09:37.380,2025/12/05,14:09:,,,,,,,,,,,,
MSG,3,,,C06EE4,,2025/12/05,14:09:37.381,2025/12/05,14:09:37.381,C-GPZV,1006,0.0,295.0,43.45650,-80.38873,,,0,0,0,0
MSG,3,,,494143,,2025/12/05,14:09:37.383,2025/12/05,14:09:37.383,ICA494143,42864,445.0,183.0,46.77520,-3.79203,,,0,0,0,0
MSG,3,,,4075BB,,2025/12/05,14:09:37.385,2025/12/05,14:09:37.385,ICA4075BB,8499,300.0,352.0,53.23570,-1.92533,,,0,0,0,0
MSG,3,,,346095,,2025/12/05,14:09:37.390,2025/12/05,14:09:37.390,ICA346095,8296,272.0,301.0,28.36677,-15.94367,,,0,0,0,0
MSG,3,,,300554,,2025/12/05,14:09:37.395,2025/12/05,14:09:37.395,ICA300554,31418,456.0,354.0,48.21390,11.31492,,,0,0,0,0
MSG,3,,,010260,,2025/12/05,14:09:37.398,2025/12/05,14:09:37.398,ICA010260,4147,221.0,213.0,49.88590,7.20027,,,0,0,0,0
MSG,3,,,4CA762,,2025/12/05,14:09:37.400,2025/12/05,14:09:37.400,EI-EFG,14398,288.0,21.0,40.76048,-3.98912,,,0,0,0,0
MSG,3,,,D0105D,,2025/12/05,14:09:37.402,2025/12/05,14:09:37.402,D-KDTS,14972,70.0,328.0,-23.35447,18.15305,,,0,0,0,0
MSG,3,,,4CA1B2,,2025/12/05,14:09:37.404,2025/12/05,14:09:37.404,EI-DAC,7697,208.0,279.0,40.91780,-3.40485,,,0,0,0,0
MSG,3,,,4CAE95,,2025/12/05,14:09:37.405,2025/12/05,14:09:37.405,ICA4CAE95,7374,282.0,168.0,48.16078,12.83668,,,0,0,0,0
MSG,3,,,4D206B,,2025/12/05,14:09:37.408,2025/12/05,14:09:37.408,ICA4D206B,5828,216.0,137.0,50.10360,19.37488,,,0,0,0,0
MSG,3,,,DD5311,,2025/12/05,14:09:37.410,2025/12/05,14:09:37.410,F-BSVU,1040,2.0,81.0,43.21403,0.07267,,,0,0,0,0
MSG,3,,,4ACAA1,,2025/12/05,14:09:37.411,2025/12/05,14:09:37.411,ICA4ACAA1,14343,354.0,168.0,60.46968,10.60042,,,0,0,0,0
MSG,3,,,3E647C,,2025/12/05,14:09:37.412,2025/12/05,14:09:37.412,F-CFEE,4692,55.0,66.0,44.23848,5.99742,,,0,0,0,0
MSG,3,,,48C123,,2025/12/05,14:09:37.417,2025/12/05,,,,,,,,,,,,,
MSG,3,,,4ACAA1,,2025/12/05,14:09:37.420,2025/12/05,14:09:37.420,ICA4ACAA1,14350,354.0,168.0,60.46970,10.60042,,,0,0,0,0
MSG,3,,,4CA2C1,,2025/12/05,14:09:37.421,2025/12/05,14:09:37.421,EI-DLD,10177,285.0,42.0,36.85877,-4.56763,,,0,0,0,0
MSG,3,,,440CB1,,2025/12/05,14:09:37.423,2025/12/05,14:09:37.423,ICA440CB1,16387,313.0,244.0,49.53917,3.89853,,,0,0,0,0
MSG,3,,,4AC9EC,,2025/12/05,14:09:37.424,2025/12/05,14:09:37.424,ICA4AC9EC,7073,342.0,34.0,63.57377,11.20038,,,0,0,0,0
MSG,3,,,342188,,2025/12/05,14:09:37.426,2025/12/05,14:09:37.426,EC-JFN,6575,244.0,203.0,40.88063,-3.53793,,,0,0,0,0
MSG,3,,,4B18D9,,2025/12/05,14:09:37.427,2025/12/05,14:09:37.427,ICA4B18D9,40296,473.0,123.0,49.20588,9.76172,,,0,0,0,0
MSG,3,,,3475CA,,2025/12/05,14:09:37.428,2025/12/05,14:09:37.428,ICA3475CA,0,50.0,41.0,27.78652,-15.50107,,,0,0,0,0
MSG,3,,,48AD87,,2025/12/05,14:09:37.431,2025/12/05,14:09:37.431,ICA48AD87,9846,312.0,359.0,51.97243,20.98203,,,0,0,0,0
MSG,3,,,3C6446,,2025/12/05,14:09:37.432,2025/12/05,14:09:37.432,D-AIBF,9516,298.0,202.0,50.32070,9.07130,,,0,0,0,0
MSG,3,,,3B7BA8,,2025/12/05,14:09:37.434,2025/12/05,14:09:37.434,ICA3B7BA8,2251,106.0,174.0,45.88922,6.09828,,,0,0,0,0
MSG,3,,,300554,,2025/12/05,14:09:37.436,2025/12/05,14:09:37.436,ICA300554,31418,456.0,354.0,48.21382,11.31493,,,0,0,0,0
MSG,3,,,3C4595,,2025/12/05,14:09:37.437,2025/12/05,14:09:37.437,ICA3C4595,20350,390.0,109.0,51.17195,12.53652,,,0,0,0,0
MSG,3,,,3D21C2,,2025/12/05,14:09:37.441,2025/12/05,14:09:37.441,D-ELAO,4321,206.0,19.0,51.54245,6.63132,,,0,0,0,0
MSG,3,,,48ADA6,,2025/12/05,14:09:37.442,2025/12/05,14:09:37.442,ICA48ADA6,3747,222.0,58.0,52.24717,20.63192,,,0,0,0,0
MSG,3,,,3FF7E5,,2025/12/05,14:09:37.444,2025/12/05,14:09:37.444,ICA3FF7E5,1089,83.0,261.0,50.74722,7.17347,,,0,0,0,0
MSG,3,,,4BB2A2,,2025/12/05,14:09:37.446,2025/12/05,14:09:37.446,ICA4BB2A2,34293,455.0,113.0,48.71368,10.65945,,,0,0,0,0
MSG,3,,,4B062F,,2025/12/05,14:09:37.447,2025/12/0,,,,,,,,,,,,,
MSG,3,,,3B75F4,,2025/12/05,14:09:37.448,2025/12/05,14:09:37.448,ICA3B75F4,1496,176.0,203.0,45.65080,-0.32190,,,0,0,0,0
MSG,3,,,484556,,2025/12/05,14:09:37.450,2025/12/05,14:09:37.450,PH-BXY,37171,448.0,336.0,49.74332,10.06648,,,0,0,0,0
MSG,3,,,3C6446,,2025/12/05,14:09:37.451,2025/12/05,14:09:37.451,D-AIBF,9519,298.0,202.0,50.32075,9.07133,,,0,0,0,0
MSG,3,,,4AC9EC,,2025/12/05,14:09:37.453,2025/12/05,14:09:37.453,ICA4AC9EC,7073,342.0,34.0,63.57373,11.20035,,,0,0,0,0
MSG,3,,,48C221,,2025/12/05,14:09:37.455,2025/12/05,14:09:37.455,ICA48C221,37343,434.0,312.0,48.18445,9.63302,,,0,0,0,0
MSG,3,,,390D25,,2025/12/05,14:09:37.456,2025/12/05,14:09:37.456,ICA390D25,2202,109.0,292.0,50.68777,2.26503,,,0,0,0,0
MSG,3,,,4B435E,,2025/12/05,14:09:37.457,2025/12/05,14:09:37.457,HB-ZNI,4659,98.0,153.0,47.19157,9.33957,,,0,0,0,0
MSG,3,,,48C229,,2025/12/05,14:09:37.459,2025/12/05,14:09:37.459,ICA48C229,36187,472.0,87.0,52.36098,7.80483,,,0,0,0,0
MSG,3,,,3CD71C,,2025/12/05,14:09:37.461,2025/12/05,14:09:37.461,ICA3CD71C,6598,207.0,228.0,48.66322,11.38867,,,0,0,0,0
MSG,3,,,4AB569,,2025/12/05,14:09:37.462,2025/12/05,14:09:37.462,ICA4AB569,5871,183.0,257.0,50.05402,19.88267,,,0,0,0,0
MSG,3,,,390D25,,2025/12/05,14:09:37.465,2025/12/05,14:09:37.465,ICA390D25,2227,108.0,293.0,50.68777,2.26503,,,0,0,0,0
MSG,3,,,49D0EB,,2025/12/05,14:09:37.466,2025/12/05,14:09:37.466,ICA49D0EB,6072,233.0,246.0,50.57867,4.86658,,,0,0,0,0
MSG,3,,,484EE4,,2025/12/05,14:09:37.470,2025/12/05,14:09:37.470,PH-HSD,13323,327.0,270.0,52.51057,5.91073,,,0,0,0,0
MSG,3,,,400EC8,,2025/12/05,14:09:37.471,2025/12/05,14:09:37.471,G-BYUD,3593,73.0,141.0,54.42680,-1.27463,,,0,0,0,0
MSG,3,,,C05323,,2025/12/05,14:09:37.472,2025/12/05,14:09:37.472,C-GFMO,2188,124.0,344.0,43.80187,-79.90565,,,0,0,0,0
MSG,3,,,C05518,,2025/12/05,14:09:37.472,2025/12/05,14:09:37.472,C-GGFV,3369,96.0,338.0,43.67292,-80.43588,,,0,0,0,0
MSG,3,,,C05518,,2025/12/05,14:09:37.473,2025/12/05,14:09:37.473,C-GGFV,3369,96.0,338.0,43.67292,-80.43588,,,0,0,0,0
MSG,3,,,C05518,,2025/12/05,14:09:37.474,2025/12/05,14:09:37.474,C-GGFV,3369,96.0,338.0,43.67292,-80.43588,,,0,0,0,0
MSG,3,,,48C221,,2025/12/05,14:09:37.475,2025/12/05,14:09:37.475,ICA48C221,37343,434.0,312.0,48.18443,9.63307,,,0,0,0,0
MSG,3,,,34530E,,2025/12/05,14:09:37.477,2025/12/05,14,,,,,,,,,,,,
MSG,3,,,4B1A27,,2025/12/05,14:09:37.478,2025/12/05,14:09:37.478,ICA4B1A27,33293,430.0,12.0,49.60525,9.41002,,,0,0,0,0
MSG,3,,,471FA9,,2025/12/05,14:09:37.480,2025/12/05,14:09:37.480,ICA471FA9,8722,288.0,69.0,47.83650,17.16398,,,0,0,0,0
MSG,3,,,3C664C,,2025/12/05,14:09:37.482,2025/12/05,14:09:37.482,D-AIRL,34004,470.0,27.0,53.33375,9.95250,,,0,0,0,0
MSG,3,,,3452C8,,2025/12/05,14:09:37.483,2025/12/05,14:09:37.483,ICA3452C8,11091,297.0,27.0,40.86657,-3.86507,,,0,0,0,0
MSG,3,,,4AB569,,2025/12/05,14:09:37.485,2025/12/05,14:09:37.485,ICA4AB569,5871,183.0,257.0,50.05402,19.88268,,,0,0,0,0
MSG,3,,,48ADAE,,2025/12/05,14:09:37.487,2025/12/05,14:09:37.487,ICA48ADAE,6572,281.0,318.0,52.25042,20.82040,,,0,0,0,0
MSG,3,,,3C664C,,2025/12/05,14:09:37.488,2025/12/05,14:09:37.488,D-AIRL,33971,470.0,27.0,53.33372,9.95247,,,0,0,0,0
MSG,3,,,471F70,,2025/12/05,14:09:37.490,2025/12/05,14:09:37.490,ICA471F70,14427,295.0,242.0,51.40885,6.87878,,,0,0,0,0
MSG,3,,,4B1A25,,2025/12/05,14:09:37.492,2025/12/05,14:09:37.492,ICA4B1A25,1677,140.0,246.0,50.94405,4.61198,,,0,0,0,0
MSG,3,,,896458,,2025/12/05,14:09:37.494,2025/12/05,14:09:37.494,ICA896458,15857,377.0,139.0,55.21737,13.44885,,,0,0,0,0
MSG,3,,,345084,,2025/12/05,14:09:37.496,2025/12/05,14:09:37.496,ICA345084,7631,270.0,86.0,40.39242,-3.36753,,,0,0,0,0
MSG,3,,,4CA814,,2025/12/05,14:09:37.497,2025/12/05,14:09:37.497,EI-EKV,36918,447.0,303.0,50.81617,11.45377,,,0,0,0,0
MSG,3,,,4727D8,,2025/12/05,14:09:37.504,2025/12/05,14:09:37.504,ICA4727D8,37343,436.0,255.0,47.50618,9.16868,,,0,0,0,0
MSG,3,,,4403E6,,2025/12/05,14:09:37.506,2025/12/05,14:09:37.506,ICA4403E6,31945,419.0,143.0,51.61223,11.19248,,,0,0,0,0
MSG,3,,,D02E5D,,2025/12/05,14:09:37.509,2025/12/05,14:09:37.509,FLRD02E5D,9352,68.0,146.0,45.30857,6.12902,,,0,0,0,0
MSG,3,,,3932FB,,2025/12/05,14:09:37.509,2025/12/05,14:09:37.509,F-CVRB,6261,83.0,188.0,43.93255,3.82958,,,0,0,0,0
MSG,3,,,3EFEBD,,2025/12/05,14:09:37.510,2025/,,,,,,,,,,,,,
MSG,3,,,DDB27C,,2025/12/05,14:09:37.511,2025/12/05,14:09:37.511,F-CHTV,5818,51.0,76.0,43.88738,3.63690,,,0,0,0,0
MSG,3,,,47C2B5,,2025/12/05,14:09:37.515,2025/12/05,14:09:37.515,ICA47C2B5,1707,85.0,218.0,58.84730,5.58668,,,0,0,0,0
MSG,3,,,FAF56D,,2025/12/05,14:09:37.516,2025/12/05,14:09:37.516,FLRFAF56D,1748,149.0,319.0,52.91038,-1.80788,,,0,0,0,0
MSG,3,,,49D0EB,,2025/12/05,14:09:37.518,2025/12/05,14:09:37.518,ICA49D0EB,6076,234.0,246.0,50.57868,4.86658,,,0,0,0,0
MSG,3,,,4D2274,,2025/12/05,14:09:37.521,2025/12/05,14:09:37.521,ICA4D2274,0,117.0,163.0,41.83442,12.26632,,,0,0,0,0
MSG,3,,,3455CB,,2025/12/05,14:09:37.523,2025/12/05,14:09:37.523,ICA3455CB,16131,291.0,7.0,40.52698,-3.30313,,,0,0,0,0
MSG,3,,,4BB263,,2025/12/05,14:09:37.525,2025/12/05,14:09:37.525,ICA4BB263,34418,405.0,129.0,50.53652,14.63435,,,0,0,0,0
MSG,3,,,3C6584,,2025/12/05,14:09:37.527,2025/12/05,14:09:37.527,D-AILD,13818,343.0,187.0,50.65248,9.21368,,,0,0,0,0
MSG,3,,,DDBA88,,2025/12/05,14:09:37.528,2025/12/05,14:09:37.528,,1227,0.0,0.0,-27.35038,151.51463,,,0,0,0,0
MSG,3,,,06A30B,,2025/12/05,14:09:37.532,2025/12/05,14:09:37.532,ICA06A30B,34243,484.0,112.0,50.43085,9.78368,,,0,0,0,0
MSG,3,,,4D2258,,2025/12/05,14:09:37.534,2025/12/05,14:09:37.534,ICA4D2258,37293,431.0,321.0,47.93212,10.12280,,,0,0,0,0
MSG,3,,,200CE1,,2025/12/05,14:09:37.537,2025/12/05,14:09:37.537,FLR200CE1,1332,0.0,134.0,46.20600,12.81863,,,0,0,0,0
MSG,3,,,3C66EA,,2025/12/05,14:09:37.538,2025/12/05,14:09:37.538,ICA3C66EA,5668,281.0,324.0,50.07175,9.04353,,,0,0,0,0
MSG,3,,,38B0BC,,2025/12/05,14:09:37.542,2025/12/05,14:09:37.542,FLR38B0BC,7316,101.0,90.0,45.04222,2.64442,,,0,0,0,0
MSG,3,,,4B0783,,2025/12/05,14:09:37.544,2025/12/05,14:09:37.544,ICA4B0783,2871,70.0,74.0,47.16630,8.21012,,,0,0,0,0
MSG,3,,,45CAAE,,2025/12/05,14:09:37.546,2025/12/05,14:09:,,,,,,,,,,,,
MSG,3,,,1A5A06,,2025/12/05,14:09:37.546,2025/12/05,14:09:37.546,CC-KWR,2248,1.0,358.0,-33.38062,-70.58400,,,0,0,0,0
MSG,3,,,40768C,,2025/12/05,14:09:37.548,2025/12/05,14:09:37.548,ICA40768C,10379,305.0,186.0,53.15995,-2.46805,,,0,0,0,0
MSG,3,,,406A02,,2025/12/05,14:09:37.550,2025/12/05,14:09:37.550,G-EUYS,9347,317.0,24.0,51.62707,-0.64998,,,0,0,0,0
MSG,3,,,494141,,2025/12/05,14:09:37.551,2025/12/05,14:09:37.551,ICA494141,43570,391.0,223.0,65.55253,19.35910,,,0,0,0,0
MSG,3,,,47BFC7,,2025/12/05,14:09:37.552,2025/12/05,14:09:37.552,ICA47BFC7,2406,111.0,205.0,59.39625,6.12408,,,0,0,0,0
MSG,3,,,34858B,,2025/12/05,14:09:37.554,2025/12/05,14:09:37.554,ICA34858B,4436,89.0,301.0,41.53990,1.85110,,,0,0,0,0
MSG,3,,,4855D0,,2025/12/05,14:09:37.556,2025/12/05,14:09:37.556,ICA4855D0,9993,336.0,121.0,50.50577,8.29718,,,0,0,0,0
MSG,3,,,406A02,,2025/12/05,14:09:37.558,2025/12/05,14:09:37.558,G-EUYS,9319,317.0,24.0,51.62708,-0.64998,,,0,0,0,0
MSG,3,,,4069DC,,2025/12/05,14:09:37.559,2025/12/05,14:09:37.559,G-CICC,1824,54.0,183.0,51.83110,-0.67130,,,0,0,0,0
MSG,3,,,3C66EA,,2025/12/05,14:09:37.560,2025/12/05,14:09:37.560,ICA3C66EA,5693,282.0,325.0,50.07170,9.04358,,,0,0,0,0
MSG,3,,,3007F1,,2025/12/05,14:09:37.564,2025/12/05,14:09:37.564,ICA3007F1,24619,431.0,300.0,49.38603,10.65815,,,0,0,0,0
MSG,3,,,3C56ED,,2025/12/05,14:09:37.565,2025/12/05,14:09:37.565,D-AEWM,32268,453.0,62.0,50.80102,10.70957,,,0,0,0,0
MSG,3,,,8960F9,,2025/12/05,14:09:37.567,2025/12/05,14:09:37.567,A6-EDX,13777,399.0,82.0,51.27040,0.63510,,,0,0,0,0
MSG,3,,,34858B,,2025/12/05,14:09:37.571,2025/12/05,14:09:37.571,ICA34858B,4436,89.0,301.0,41.53992,1.85110,,,0,0,0,0
MSG,3,,,D00438,,2025/12/05,14:09:37.572,2025/12/05,14:09:37.572,D-KBRG,10776,80.0,147.0,-23.35602,18.05057,,,0,0,0,0
MSG,3,,,D02159,,2025/12/05,14:09:37.573,2025/12/05,14:09:37.573,OH-1018,13299,78.0,23.0,-23.77975,18.22378,,,0,0,0,0
MSG,3,,,4CAD40,,2025/12/05,14:09:37.574,2025/12/05,14:09:37.574,ICA4CAD40,36987,428.0,238.0,54.04240,8.26405,,,0,0,0,0
MSG,3,,,45CAAE,,2025/12/05,14:09:37.576,2025/12/05,14:09,,,,,,,,,,,,
MSG,3,,,400E9B,,2025/12/05,14:09:37.576,2025/12/05,14:09:37.576,G-BYWX,1313,64.0,90.0,52.37763,-0.34292,,,0,0,0,0
MSG,3,,,38B0BC,,2025/12/05,14:09:37.578,2025/12/05,14:09:37.578,FLR38B0BC,7316,101.0,90.0,45.04222,2.64508,,,0,0,0,0
MSG,3,,,489788,,2025/12/05,14:09:37.579,2025/12/05,14:09:37.579,SP-LDH,9148,273.0,244.0,52.00892,20.76838,,,0,0,0,0
MSG,3,,,400EB3,,2025/12/05,14:09:37.580,2025/12/05,14:09:37.580,G-BYXZ,1920,90.0,269.0,52.48988,-0.28938,,,0,0,0,0
MSG,3,,,4AC8A8,,2025/12/05,14:09:37.581,2025/12/05,14:09:37.581,ICA4AC8A8,7931,305.0,122.0,55.68022,11.85388,,,0,0,0,0
MSG,3,,,4ACA0C,,2025/12/05,14:09:37.583,2025/12/05,14:09:37.583,ICA4ACA0C,16447,383.0,197.0,59.88232,10.67648,,,0,0,0,0
MSG,3,,,440291,,2025/12/05,14:09:37.585,2025/12/05,14:09:37.585,ICA440291,2118,99.0,81.0,41.96852,12.60875,,,0,0,0,0
MSG,3,,,471DBD,,2025/12/05,14:09:37.586,2025/12/05,14:09:37.586,ICA471DBD,31218,444.0,293.0,50.68042,10.43595,,,0,0,0,0
MSG,3,,,3C0D0C,,2025/12/05,14:09:37.588,2025/12/05,14:09:37.588,ICA3C0D0C,8112,289.0,265.0,27.83102,-15.14527,,,0,0,0,0
MSG,3,,,C0406A,,2025/12/05,14:09:37.588,2025/12/05,14:09:37.588,C-FYKF,1014,0.0,68.0,43.45657,-80.38782,,,0,0,0,0
MSG,3,,,38B0BC,,2025/12/05,14:09:37.590,2025/12/05,14:09:37.590,FLR38B0BC,7312,101.0,89.0,45.04222,2.64573,,,0,0,0,0
MSG,3,,,39883D,,2025/12/05,14:09:37.592,2025/12/05,14:09:37.592,FLR39883D,1171,66.0,160.0,49.29573,1.94763,,,0,0,0,0
MSG,3,,,344445,,2025/12/05,14:09:37.593,2025/12/05,14:09:37.593,EC-LZD,4383,191.0,266.0,37.42538,-5.49155,,,0,0,0,0
MSG,3,,,896112,,2025/12/05,14:09:37.594,2025/12/05,14:09:37.594,A6-ECK,30467,497.0,133.0,50.41992,8.56452,,,0,0,0,0
MSG,3,,,4BAA94,,2025/12/05,14:09:37.595,2025/12/05,14:09:37.595,ICA4BAA94,35293,438.0,291.0,50.00247,9.78493,,,0,0,0,0
MSG,3,,,4BB855,,2025/12/05,14:09:37.596,2025/12/05,14:09:37.596,ICA4BB855,32243,449.0,112.0,48.56055,11.19955,,,0,0,0,0
MSG,3,,,4073E0,,2025/12/05,14:09:37.599,2025/12/05,14:09:37.599,ICA4073E0,23354,263.0,345.0,53.52753,-2.06395,,,0,0,0,0
MSG,3,,,4069DC,,2025/12/05,14:09:37.600,2025/12/05,14:09:37.600,G-CICC,1871,54.0,183.0,51.83080,-0.67107,,,0,0,0,0
MSG,3,,,896112,,2025/12/05,14:09:37.601,2025/12/0,,,,,,,,,,,,,
MSG,3,,,F8DCA5,,2025/12/05,14:09:37.602,2025/12/05,14:09:37.602,FLRF8DCA5,134,19.0,7.0,50.77637,7.18525,,,0,0,0,0
MSG,3,,,4C0176,,2025/12/05,14:09:37.606,2025/12/05,14:09:37.606,ICA4C0176,10584,290.0,312.0,47.52925,19.30438,,,0,0,0,0
MSG,3,,,3D1525,,2025/12/05,14:09:37.608,2025/12/05,14:09:37.608,ICA3D1525,2134,97.0,7.0,52.09375,10.91852,,,0,0,0,0
MSG,3,,,4069DC,,2025/12/05,14:09:37.608,2025/12/05,14:09:37.608,G-CICC,1824,54.0,183.0,51.83110,-0.67130,,,0,0,0,0
MSG,3,,,34260E,,2025/12/05,14:09:37.609,2025/12/05,14:09:37.609,EC-KHM,17052,332.0,206.0,51.84377,4.70410,,,0,0,0,0
MSG,3,,,471F4A,,2025/12/05,14:09:37.612,2025/12/05,14:09:37.612,HA-LWC,13592,359.0,293.0,50.49947,18.73490,,,0,0,0,0
MSG,3,,,386D5D,,2025/12/05,14:09:37.613,2025/12/05,14:09:37.613,FLR386D5D,2247,68.0,157.0,46.91343,2.37702,,,0,0,0,0
MSG,3,,,DD9F94,,2025/12/05,14:09:37.615,2025/12/05,14:09:37.615,D-KIOP,1145,0.0,90.0,50.55255,5.85488,,,0,0,0,0
MSG,3,,,406015,,2025/12/05,14:09:37.616,2025/12/05,14:09:37.616,G-EZTK,36084,463.0,92.0,52.83582,7.78073,,,0,0,0,0
MSG,3,,,502CC8,,2025/12/05,14:09:37.617,2025/12/05,14:09:37.617,ICA502CC8,37087,409.0,235.0,54.02467,9.02943,,,0,0,0,0
MSG,3,,,407B8F,,2025/12/05,14:09:37.619,2025/12/05,14:09:37.619,ICA407B8F,25197,402.0,133.0,49.03242,10.41582,,,0,0,0,0
MSG,3,,,4CAC23,,2025/12/05,14:09:37.621,2025/12/05,14:09:37.621,ICA4CAC23,16460,319.0,299.0,37.00028,-4.88687,,,0,0,0,0
MSG,3,,,497C82,,2025/12/05,14:09:37.624,2025/12/05,14:09:37.624,ICA497C82,8445,240.0,212.0,39.55685,-8.58278,,,0,0,0,0
MSG,3,,,3D2CE0,,2025/12/05,14:09:37.626,2025/12/05,14:09:37.626,ICA3D2CE0,5899,137.0,111.0,47.74250,17.74095,,,0,0,0,0
MSG,3,,,407B8F,,2025/12/05,14:09:37.628,2025/12/05,14:09:37.628,ICA407B8F,25197,402.0,133.0,49.03243,10.41580,,,0,0,0,0
MSG,3,,,4D2226,,2025/12/05,14:09:37.632,2025/12/05,14:09:37.632,ICA4D2226,13687,330.0,169.0,38.87440,-0.32955,,,0,0,0,0
MSG,3,,,39214D,,2025/12/05,14:09:37.633,2025/12/05,14:09:37.633,FLR39214D,2099,83.0,81.0,45.87400,5.19063,,,0,0,0,0
MSG,3,,,2C112A,,2025/12/05,14:09:37.635,2025/1,,,,,,,,,,,,,
MSG,3,,,4B2A37,,2025/12/05,14:09:37.637,2025/12/05,14:09:37.637,FLR4B2A37,2949,101.0,342.0,46.17633,7.03027,,,0,0,0,0
MSG,3,,,47A185,,2025/12/05,14:09:37.638,2025/12/05,14:09:37.638,ICA47A185,14469,369.0,4.0,60.66350,11.30412,,,0,0,0,0
MSG,3,,,3AABFA,,2025/12/05,14:09:37.640,2025/12/05,14:09:37.640,156,18839,283.0,94.0,47.99542,-0.55568,,,0,0,0,0
MSG,3,,,3C56ED,,2025/12/05,14:09:37.641,2025/12/05,14:09:37.641,D-AEWM,32271,453.0,62.0,50.80095,10.70938,,,0,0,0,0
MSG,3,,,440D70,,2025/12/05,14:09:37.643,2025/12/05,14:09:37.643,ICA440D70,22199,435.0,273.0,50.37262,10.39573,,,0,0,0,0
MSG,3,,,471DBD,,2025/12/05,14:09:37.645,2025/12/05,14:09:37.645,ICA471DBD,31222,444.0,293.0,50.68037,10.43613,,,0,0,0,0
MSG,3,,,4ACA63,,2025/12/05,14:09:37.647,2025/12/05,14:09:37.647,ICA4ACA63,9297,337.0,195.0,56.06957,12.51542,,,0,0,0,0
MSG,3,,,471F4A,,2025/12/05,14:09:37.649,2025/12/05,14:09:37.649,HA-LWC,13591,359.0,293.0,50.49947,18.73492,,,0,0,0,0
MSG,3,,,3D7A5B,,2025/12/05,14:09:37.651,2025/12/05,14:09:37.651,ICA3D7A5B,20665,297.0,69.0,52.11833,10.51260,,,0,0,0,0
MSG,3,,,4D0225,,2025/12/05,14:09:37.653,2025/12/05,14:09:37.653,LX-KAT,17602,345.0,312.0,50.38077,2.73142,,,0,0,0,0
MSG,3,,,846DEF,,2025/12/05,14:09:37.657,2025/12/05,14:09:37.657,ICA846DEF,12189,406.0,113.0,49.70345,9.18693,,,0,0,0,0
MSG,3,,,407FDA,,2025/12/05,14:09:37.659,2025/12/05,14:09:37.659,ICA407FDA,34268,466.0,120.0,49.38903,8.76360,,,0,0,0,0
MSG,3,,,484130,,2025/12/05,14:09:37.661,2025/12/05,14:09:37.661,PH-BXA,16296,406.0,271.0,51.99143,20.29288,,,0,0,0,0
MSG,3,,,4B2839,,2025/12/05,14:09:37.661,2025/12/05,14:09:37.661,HB-PGB,3665,91.0,57.0,47.15978,7.36990,,,0,0,0,0
MSG,3,,,3CC8C8,,2025/12/05,14:09:37.663,2025/12/05,14:09:37.663,ICA3CC8C8,41854,403.0,225.0,39.15785,-4.28922,,,0,0,0,0
MSG,3,,,F0E282,,2025/12/05,14:09:37.664,2025/12/05,14:09:37.664,FLRF0E282,3743,157.0,191.0,67.43838,14.31345,,,0,0,0,0
MSG,3,,,A60B90,,2025/12/05,14:09:37.666,2025/12/05,14:09:37.666,FLRA60B90,1085,69.0,214.0,51.04198,6.43048,,,0,0,0,0
MSG,3,,,34368A,,2025/12/05,14:09:37.668,2025/,,,,,,,,,,,,,
MSG,3,,,F0AAF3,,2025/12/05,14:09:37.669,2025/12/05,14:09:37.669,FLRF0AAF3,1177,68.0,44.0,47.67688,1.23118,,,0,0,0,0
MSG,3,,,F6EEE9,,2025/12/05,14:09:37.671,2025/12/05,14:09:37.671,FLRF6EEE9,278,9.0,263.0,60.63915,6.51027,,,0,0,0,0
MSG,3,,,FDA3AA,,2025/12/05,14:09:37.673,2025/12/05,14:09:37.673,FLRFDA3AA,2007,89.0,322.0,45.55892,9.48447,,,0,0,0,0
MSG,3,,,4CAC7A,,2025/12/05,14:09:37.676,2025/12/05,14:09:37.676,ICA4CAC7A,2847,188.0,41.0,55.48275,12.43488,,,0,0,0,0
MSG,3,,,3FFCCD,,2025/12/05,14:09:37.678,2025/12/05,14:09:37.678,ICA3FFCCD,1736,89.0,187.0,52.69587,10.04547,,,0,0,0,0
MSG,3,,,44B674,,2025/12/05,14:09:37.681,2025/12/05,14:09:37.681,ICA44B674,11621,248.0,281.0,51.16938,4.26075,,,0,0,0,0
MSG,3,,,486492,,2025/12/05,14:09:37.682,2025/12/05,14:09:37.682,ICA486492,13656,378.0,25.0,51.67058,3.95213,,,0,0,0,0
MSG,3,,,3532C1,,2025/12/05,14:09:37.685,2025/12/05,14:09:37.685,ICA3532C1,7054,269.0,27.0,40.18793,-3.19170,,,0,0,0,0
MSG,3,,,4D2529,,2025/12/05,14:09:37.687,2025/12/05,14:09:37.687,ICA4D2529,34870,438.0,295.0,49.19207,11.72495,,,0,0,0,0
MSG,3,,,3CF19D,,2025/12/05,14:09:37.689,2025/12/05,14:09:37.689,D-CSUN,30929,433.0,216.0,41.40490,-1.48562,,,0,0,0,0
MSG,3,,,485789,,2025/12/05,14:09:37.691,2025/12/05,14:09:37.691,ICA485789,34143,480.0,121.0,49.95830,10.47557,,,0,0,0,0
MSG,3,,,FE59A3,,2025/12/05,14:09:37.692,2025/12/05,14:09:37.692,FLRFE59A3,32,50.0,339.0,45.13018,11.29242,,,0,0,0,0
MSG,3,,,40317C,,2025/12/05,14:09:37.694,2025/12/05,14:09:37.694,FLR40317C,2306,97.0,71.0,52.43527,1.45085,,,0,0,0,0
MSG,3,,,F6C45E,,2025/12/05,14:09:37.696,2025/12/05,14:09:37.696,FLRF6C45E,3175,130.0,276.0,52.34435,1.32930,,,0,0,0,0
MSG,3,,,405F7F,,2025/12/05,14:09:37.697,2025/12/05,14:09:37.697,G-LPIN,1784,56.0,265.0,52.21907,-0.14870,,,0,0,0,0
MSG,3,,,DDE48F,,2025/12/05,14:09:37.699,2025/12,,,,,,,,,,,,,
MSG,3,,,440592,,2025/12/05,14:09:37.702,2025/12/05,14:09:37.702,OE-FZD,28527,402.0,102.0,51.12040,3.03817,,,0,0,0,0
MSG,3,,,4BA902,,2025/12/05,14:09:37.704,2025/12/05,14:09:37.704,TC-JHB,35189,427.0,285.0,49.26080,10.36248,,,0,0,0,0
MSG,3,,,3C5EE5,,2025/12/05,14:09:37.707,2025/12/05,14:09:37.707,D-AGWE,19632,388.0,14.0,49.09395,9.20485,,,0,0,0,0
MSG,3,,,DDA5DC,,2025/12/05,14:09:37.708,2025/12/05,14:09:37.708,F-CERA,2970,22.0,43.0,43.76327,4.90047,,,0,0,0,0
MSG,3,,,40823B,,2025/12/05,14:09:37.710,2025/12/05,14:09:37.710,FLR40823B,2719,121.0,59.0,51.92248,0.75162,,,0,0,0,0
MSG,3,,,4ACA74,,2025/12/05,14:09:37.714,2025/12/05,14:09:37.714,ICA4ACA74,11916,315.0,20.0,52.31413,21.13618,,,0,0,0,0
MSG,3,,,4CAEE8,,2025/12/05,14:09:37.716,2025/12/05,14:09:37.716,ICA4CAEE8,36293,442.0,108.0,51.04643,12.99497,,,0,0,0,0
MSG,3,,,4BCE13,,2025/12/05,14:09:37.717,2025/12/05,14:09:37.717,ICA4BCE13,36218,437.0,124.0,49.91147,11.89530,,,0,0,0,0
MSG,3,,,4CAC86,,2025/12/05,14:09:37.720,2025/12/05,14:09:37.720,ICA4CAC86,38168,473.0,95.0,51.99217,8.04045,,,0,0,0,0
MSG,3,,,4D245F,,2025/12/05,14:09:37.721,2025/12/05,14:09:37.721,ICA4D245F,36293,467.0,67.0,50.23783,8.45627,,,0,0,0,0
MSG,3,,,448466,,2025/12/05,14:09:37.723,2025/12/05,14:09:37.723,ICA448466,6796,263.0,359.0,50.63243,5.28843,,,0,0,0,0
MSG,3,,,34469A,,2025/12/05,14:09:37.725,2025/12/05,14:09:37.725,ICA34469A,13530,377.0,85.0,48.89297,2.05065,,,0,0,0,0
MSG,3,,,404B8C,,2025/12/05,14:09:37.727,2025/12/05,14:09:37.727,FLR404B8C,524,75.0,177.0,54.85193,-3.37753,,,0,0,0,0
MSG,3,,,3DD37F,,2025/12/05,14:09:37.728,2025/12/05,14:09:37.728,FLR3DD37F,580,77.0,231.0,63.99622,-16.92950,,,0,0,0,0
MSG,3,,,4D00F5,,2025/12/05,14:09:37.730,2025/12/05,14:09:37.730,LX-LGV,15179,316.0,64.0,49.49930,5.46360,,,0,0,0,0
MSG,3,,,48ADA5,,2025/12/05,14:09:37.732,2025/12/0,,,,,,,,,,,,,
MSG,3,,,503E2E,,2025/12/05,14:09:37.734,2025/12/05,14:09:37.734,ICA503E2E,7986,82.0,299.0,41.75530,0.92747,,,0,0,0,0
MSG,3,,,846DEF,,2025/12/05,14:09:37.736,2025/12/05,14:09:37.736,ICA846DEF,12190,406.0,113.0,49.70350,9.18680,,,0,0,0,0
MSG,3,,,4867C3,,2025/12/05,14:09:37.737,2025/12/05,14:09:37.737,ICA4867C3,33170,404.0,306.0,51.98965,7.16058,,,0,0,0,0
MSG,3,,,34134E,,2025/12/05,14:09:37.739,2025/12/05,14:09:37.739,EC-HUI,4532,201.0,180.0,40.65912,-3.55998,,,0,0,0,0
MSG,3,,,AB4FD4,,2025/12/05,14:09:37.740,2025/12/05,14:09:37.740,ICAAB4FD4,6976,284.0,330.0,52.35145,4.42823,,,0,0,0,0
MSG,3,,,4BB209,,2025/12/05,14:09:37.742,2025/12/05,14:09:37.742,ICA4BB209,14173,277.0,7.0,40.58583,-3.29313,,,0,0,0,0
MSG,3,,,471F06,,2025/12/05,14:09:37.744,2025/12/05,14:09:37.744,ICA471F06,10301,323.0,67.0,50.65638,4.36125,,,0,0,0,0
MSG,3,,,3CEA40,,2025/12/05,14:09:37.748,2025/12/05,14:09:37.748,ICA3CEA40,39293,440.0,294.0,49.73283,9.50848,,,0,0,0,0
MSG,3,,,F03E11,,2025/12/05,14:09:37.750,2025/12/05,14:09:37.750,FLRF03E11,3375,75.0,232.0,47.18033,6.80007,,,0,0,0,0
MSG,3,,,44B674,,2025/12/05,14:09:37.753,2025/12/05,14:09:37.753,ICA44B674,11621,248.0,281.0,51.16938,4.26077,,,0,0,0,0
MSG,3,,,3C6542,,2025/12/05,14:09:37.755,2025/12/05,14:09:37.755,ICA3C6542,11064,312.0,264.0,63.83677,-21.01883,,,0,0,0,0
MSG,3,,,4D00CA,,2025/12/05,14:09:37.757,2025/12/05,14:09:37.757,LX-LGG,16756,297.0,286.0,51.59397,2.26268,,,0,0,0,0
MSG,3,,,F9C93C,,2025/12/05,14:09:37.759,2025/12/05,14:09:37.759,FLRF9C93C,5147,42.0,189.0,47.25165,6.85978,,,0,0,0,0
MSG,3,,,4ACAB2,,2025/12/05,14:09:37.760,2025/12/05,14:09:37.760,ICA4ACAB2,9861,306.0,202.0,60.25068,10.92748,,,0,0,0,0
MSG,3,,,471DB4,,2025/12/05,14:09:37.762,2025/12/05,14:09:37.762,ICA471DB4,3632,176.0,79.0,50.04543,19.55390,,,0,0,0,0
MSG,3,,,440666,,2025/12/05,14:09:37.764,2025/12/05,14:09:37.764,OE-LBJ,10841,353.0,201.0,60.15277,10.82655,,,0,0,0,0
MSG,3,,,452164,,2025/12/05,14:09:37.765,2025/12/05,14:09:37.765,ICA452164,36465,435.0,125.0,48.39018,11.35295,,,0,0,0,0
MSG,3,,,4CA762,,2025/12/05,14:09:37.767,2,,,,,,,,,,,,,
MSG,3,,,39489C,,2025/12/05,14:09:37.768,2025/12/05,14:09:37.768,FLR39489C,2883,75.0,72.0,47.40857,6.99355,,,0,0,0,0
MSG,3,,,4D00F5,,2025/12/05,14:09:37.770,2025/12/05,14:09:37.770,LX-LGV,15182,316.0,64.0,49.49930,5.46360,,,0,0,0,0
MSG,3,,,781795,,2025/12/05,14:09:37.772,2025/12/05,14:09:37.772,ICA781795,38159,483.0,37.0,51.95437,7.80150,,,0,0,0,0
MSG,3,,,4CAECB,,2025/12/05,14:09:37.774,2025/12/05,14:09:37.774,ICA4CAECB,10607,312.0,233.0,36.71728,-3.92858,,,0,0,0,0
MSG,3,,,4CA56D,,2025/12/05,14:09:37.776,2025/12/05,14:09:37.776,EI-DWH,13446,236.0,298.0,38.38677,-0.83732,,,0,0,0,0
MSG,3,,,4D0110,,2025/12/05,14:09:37.780,2025/12/05,14:09:37.780,LX-RCV,33268,455.0,305.0,48.57685,9.86882,,,0,0,0,0
MSG,3,,,3E1A67,,2025/12/05,14:09:37.782,2025/12/05,14:09:37.782,ICA3E1A67,42293,399.0,37.0,49.10763,9.93398,,,0,0,0,0
MSG,3,,,3CEA40,,2025/12/05,14:09:37.784,2025/12/05,14:09:37.784,ICA3CEA40,39296,440.0,294.0,49.73283,9.50852,,,0,0,0,0
MSG,3,,,4B0EBA,,2025/12/05,14:09:37.786,2025/12/05,14:09:37.786,ICA4B0EBA,29468,163.0,290.0,46.72817,8.36320,,,0,0,0,0
MSG,3,,,4ACAB2,,2025/12/05,14:09:37.788,2025/12/05,14:09:37.788,ICA4ACAB2,9862,306.0,202.0,60.25068,10.92748,,,0,0,0,0
MSG,3,,,395184,,2025/12/05,14:09:37.789,2025/12/05,14:09:37.789,F-GUME,15561,226.0,158.0,47.67530,-1.49417,,,0,0,0,0
MSG,3,,,4855D0,,2025/12/05,14:09:37.792,2025/12/05,14:09:37.792,ICA4855D0,9977,336.0,121.0,50.50562,8.29760,,,0,0,0,0
MSG,3,,,4B1617,,2025/12/05,14:09:37.793,2025/12/05,14:09:37.793,HB-IJN,29862,468.0,5.0,48.90240,9.30590,,,0,0,0,0
MSG,3,,,A6D00B,,2025/12/05,14:09:37.795,2025/12/05,14:09:37.795,ICAA6D00B,590,122.0,123.0,21.06000,-86.91452,,,0,0,0,0
MSG,3,,,4ACAB2,,2025/12/05,14:09:37.797,2025/12/05,14:09:37.797,ICA4ACAB2,9871,306.0,202.0,60.25068,10.92748,,,0,0,0,0
MSG,3,,,38E89C,,2025/12/05,14:09:37.798,2025/12/05,14:09:37.798,FLR38E89C,2444,151.0,351.0,51.16343,3.61407,,,0,0,0,0
MSG,3,,,3CEA40,,2025/12/05,14:09:37.800,2025/12,,,,,,,,,,,,,
MSG,3,,,485F11,,2025/12/05,14:09:37.801,2025/12/05,14:09:37.801,ICA485F11,2099,101.0,312.0,50.98433,5.21455,,,0,0,0,0
MSG,3,,,408230,,2025/12/05,14:09:37.808,2025/12/05,14:09:37.808,ICA408230,1853,91.0,246.0,50.69943,1.49187,,,0,0,0,0
MSG,3,,,39895D,,2025/12/05,14:09:37.810,2025/12/05,14:09:37.810,FLR39895D,488,68.0,319.0,50.42450,1.58187,,,0,0,0,0
MSG,3,,,39E693,,2025/12/05,14:09:37.812,2025/12/05,14:09:37.812,ICA39E693,15886,292.0,305.0,48.38013,4.07560,,,0,0,0,0
MSG,3,,,440CB1,,2025/12/05,14:09:37.814,2025/12/05,14:09:37.814,ICA440CB1,16415,313.0,244.0,49.53918,3.89863,,,0,0,0,0
MSG,3,,,3FED02,,2025/12/05,14:09:37.816,2025/12/05,14:09:37.816,ICA3FED02,1371,109.0,165.0,51.01565,6.32325,,,0,0,0,0
MSG,3,,,440666,,2025/12/05,14:09:37.817,2025/12/05,14:09:37.817,OE-LBJ,10844,353.0,201.0,60.15278,10.82655,,,0,0,0,0
MSG,3,,,300558,,2025/12/05,14:09:37.819,2025/12/05,14:09:37.819,ICA300558,17630,392.0,12.0,47.69843,8.65087,,,0,0,0,0
MSG,3,,,AA86CC,,2025/12/05,14:09:37.821,2025/12/05,14:09:37.821,N778AN,31112,499.0,325.0,53.89620,7.86830,,,0,0,0,0
MSG,3,,,440666,,2025/12/05,14:09:37.822,2025/12/05,14:09:37.822,OE-LBJ,10841,353.0,201.0,60.15277,10.82653,,,0,0,0,0
MSG,3,,,3C64AF,,2025/12/05,14:09:37.824,2025/12/05,14:09:37.824,ICA3C64AF,26359,414.0,196.0,48.97543,8.13172,,,0,0,0,0
MSG,3,,,E07211,,2025/12/05,14:09:37.825,2025/12/05,14:09:37.825,ICAE07211,15999,344.0,69.0,41.61885,11.56930,,,0,0,0,0
MSG,3,,,440666,,2025/12/05,14:09:37.827,2025/12/05,14:09:37.827,OE-LBJ,10847,353.0,201.0,60.15278,10.82655,,,0,0,0,0
MSG,3,,,C32270,,2025/12/05,14:09:37.828,2025/12/,,,,,,,,,,,,,
MSG,3,,,440605,,2025/12/05,14:09:37.830,2025/12/05,14:09:37.830,ICA440605,13030,354.0,97.0,47.98425,15.69928,,,0,0,0,0
MSG,3,,,3C48EE,,2025/12/05,14:09:37.832,2025/12/05,14:09:37.832,D-ABGN,15059,381.0,39.0,51.59038,6.97248,,,0,0,0,0
MSG,3,,,3C66A1,,2025/12/05,14:09:37.833,2025/12/05,14:09:37.833,D-AIUA,26261,410.0,199.0,49.08438,8.32835,,,0,0,0,0
MSG,3,,,3C64AF,,2025/12/05,14:09:37.839,2025/12/05,14:09:37.839,ICA3C64AF,26366,415.0,196.0,48.97542,8.13172,,,0,0,0,0
MSG,3,,,459CD3,,2025/12/05,14:09:37.842,2025/12/05,14:09:37.842,ICA459CD3,2438,188.0,35.0,55.75915,9.21377,,,0,0,0,0
MSG,3,,,503CED,,2025/12/05,14:09:37.845,2025/12/05,14:09:37.845,ICA503CED,2488,112.0,93.0,41.56792,2.03645,,,0,0,0,0
MSG,3,,,4D240F,,2025/12/05,14:09:37.847,2025/12/05,14:09:37.847,ICA4D240F,11141,335.0,106.0,51.13322,6.85040,,,0,0,0,0
MSG,3,,,494143,,2025/12/05,14:09:37.850,2025/12/05,14:09:37.850,ICA494143,42868,445.0,183.0,46.77530,-3.79202,,,0,0,0,0
MSG,3,,,3C48EE,,2025/12/05,14:09:37.852,2025/12/05,14:09:37.852,D-ABGN,15075,381.0,39.0,51.59040,6.97252,,,0,0,0,0
MSG,3,,,4D240F,,2025/12/05,14:09:37.854,2025/12/05,14:09:37.854,ICA4D240F,11141,335.0,106.0,51.13322,6.85040,,,0,0,0,0
MSG,3,,,4ACAA1,,2025/12/05,14:09:37.857,2025/12/05,14:09:37.857,ICA4ACAA1,14358,354.0,168.0,60.46973,10.60047,,,0,0,0,0
MSG,3,,,4D240F,,2025/12/05,14:09:37.859,2025/12/05,14:09:37.859,ICA4D240F,11138,335.0,106.0,51.13322,6.85040,,,0,0,0,0
MSG,3,,,50046C,,2025/12/05,14:09:37.862,2025/12/05,14:09:37.862,ICA50046C,27568,278.0,327.0,45.62975,9.40238,,,0,0,0,0
MSG,3,,,4855D0,,2025/12/05,14:09:37.868,2025/12/05,14:09:37.868,ICA4855D0,9978,336.0,121.0,50.50565,8.29752,,,0,0,0,0
MSG,3,,,4D252B,,2025/12/05,14:09:37.870,2025/12/05,14:09:37.870,ICA4D252B,35218,415.0,230.0,49.39685,11.00898,,,0,0,0,0
MSG,3,,,3E637D,,2025/12/05,14:09:37.87,,,,,,,,,,,,,,
MSG,3,,,3E65BB,,2025/12/05,14:09:37.871,2025/12/05,14:09:37.871,D-KDSL,14867,99.0,332.0,-23.45263,17.73285,,,0,0,0,0
MSG,3,,,3E6C7C,,2025/12/05,14:09:37.872,2025/12/05,14:09:37.872,D-KGGY,11320,100.0,267.0,-24.13087,17.72552,,,0,0,0,0
MSG,3,,,3E7378,,2025/12/05,14:09:37.873,2025/12/05,14:09:37.873,D-KIXS,15415,62.0,92.0,-24.20378,17.48030,,,0,0,0,0
MSG,3,,,3E79D0,,2025/12/05,14:09:37.874,2025/12/05,14:09:37.874,D-KLIE,13545,73.0,277.0,-23.12320,18.42050,,,0,0,0,0
MSG,3,,,3E7C48,,2025/12/05,14:09:37.874,2025/12/05,14:09:37.874,D-KMGM,13040,86.0,82.0,-24.31828,18.68652,,,0,0,0,0
MSG,3,,,3ECB23,,2025/12/05,14:09:37.875,2025/12/05,14:09:37.875,D-KRWT,13302,100.0,116.0,-23.54182,17.89940,,,0,0,0,0
MSG,3,,,3ED88F,,2025/12/05,14:09:37.876,2025/12/05,14:09:37.876,D-KWYX,13853,119.0,350.0,-25.00133,19.14993,,,0,0,0,0
MSG,3,,,D00438,,2025/12/05,14:09:37.881,2025/12/05,14:09:37.881,D-KBRG,10776,80.0,147.0,-23.35602,18.05057,,,0,0,0,0
MSG,3,,,4035E1,,2025/12/05,14:09:37.882,2025/12/05,14:09:37.882,G-BUFY,1938,56.0,151.0,52.17648,-1.11872,,,0,0,0,0
MSG,3,,,440DAF,,2025/12/05,14:09:37.885,2025/12/05,14:09:37.885,ICA440DAF,4235,185.0,180.0,40.63797,-3.57543,,,0,0,0,0
MSG,3,,,DDA5DC,,2025/12/05,14:09:37.888,2025/12/05,14:09:37.888,F-CERA,2973,24.0,48.0,43.76320,4.90037,,,0,0,0,0
MSG,3,,,DDD32E,,2025/12/05,14:09:37.892,2025/12/05,14:09:37.892,F-BRLQ,722,50.0,320.0,43.66712,5.00397,,,0,0,0,0
MSG,3,,,4CC4D2,,2025/12/05,14:09:37.895,2025/12/05,14:09:37.895,ICA4CC4D2,17071,279.0,223.0,65.45198,-18.91913,,,0,0,0,0
MSG,3,,,471F70,,2025/12/05,14:09:37.897,2025/12/05,14:09:37.897,ICA471F70,14430,295.0,242.0,51.40883,6.87870,,,0,0,0,0
MSG,3,,,44C063,,2025/12/05,14:09:37.902,2025/12/05,14:09:37.902,ICA44C063,11930,292.0,56.0,50.43515,3.60752,,,0,0,0,0
MSG,3,,,4B180C,,2025/12/05,14:09:37.904,2025/12/05,14:09:37.904,ICA4B180C,11572,317.0,187.0,52.24060,9.89085,,,0,0,0,0
MSG,3,,,348387,,2025/12/05,14:09:37.907,2025/12/05,14:09:37.907,ICA348387,4935,91.0,49.0,41.67005,1.44893,,,0,0,0,0
MSG,3,,,4067BC,,2025/12/05,14:09:37.913,2025/12/05,14:09:37.913,FLR4067BC,137,42.0,134.0,52.07345,-0.24567,,,0,0,0,0
MSG,3,,,392AEC,,2025/12/05,14:09:37.915,2025/12/05,14:09:37.915,F-GKXM,35218,438.0,285.0,49.09118,10.95178,,,0,0,0,0
MSG,3,,,4B1AFA,,2025/12/05,14:09:37.917,2025/12/05,14:09,,,,,,,,,,,,
MSG,3,,,8960F9,,2025/12/05,14:09:37.919,2025/12/05,14:09:37.919,A6-EDX,13768,432.0,94.0,51.27037,0.63505,,,0,0,0,0
MSG,3,,,3FF8AB,,2025/12/05,14:09:37.920,2025/12/05,14:09:37.920,D-MNKP,1030,79.0,327.0,51.01525,7.03878,,,0,0,0,0
MSG,3,,,4081A1,,2025/12/05,14:09:37.923,2025/12/05,14:09:37.923,ICA4081A1,15126,366.0,213.0,39.46562,-8.77075,,,0,0,0,0
MSG,3,,,A5C8E7,,2025/12/05,14:09:37.925,2025/12/05,14:09:37.925,ICAA5C8E7,7284,131.0,271.0,47.28495,12.58973,,,0,0,0,0
MSG,3,,,440DAF,,2025/12/05,14:09:37.927,2025/12/05,14:09:37.927,ICA440DAF,4234,185.0,180.0,40.63797,-3.57543,,,0,0,0,0
MSG,3,,,4AC9F2,,2025/12/05,14:09:37.929,2025/12/05,14:09:37.929,ICA4AC9F2,12934,339.0,236.0,55.43663,12.42365,,,0,0,0,0
MSG,3,,,471F70,,2025/12/05,14:09:37.931,2025/12/05,14:09:37.931,ICA471F70,14427,295.0,242.0,51.40883,6.87870,,,0,0,0,0
MSG,3,,,4AB569,,2025/12/05,14:09:37.935,2025/12/05,14:09:37.935,ICA4AB569,5886,183.0,257.0,50.05402,19.88263,,,0,0,0,0
MSG,3,,,3C664C,,2025/12/05,14:09:37.936,2025/12/05,14:09:37.936,D-AIRL,33987,470.0,27.0,53.33363,9.95235,,,0,0,0,0
MSG,3,,,49D0EB,,2025/12/05,14:09:37.938,2025/12/05,14:09:37.938,ICA49D0EB,6084,233.0,246.0,50.57867,4.86653,,,0,0,0,0
MSG,3,,,34714A,,2025/12/05,14:09:37.940,2025/12/05,14:09:37.940,ICA34714A,337,45.0,69.0,27.77665,-15.52360,,,0,0,0,0
MSG,3,,,3D1525,,2025/12/05,14:09:37.943,2025/12/05,14:09:37.943,ICA3D1525,2130,96.0,5.0,52.09375,10.91855,,,0,0,0,0
MSG,3,,,4B43BC,,2025/12/05,14:09:37.944,2025/12/05,14:09:37.944,HB-ZQY,1644,0.0,50.0,46.91087,7.50372,,,0,0,0,0
MSG,3,,,4073A0,,2025/12/05,14:09:37.946,2025/12/05,14:09:37.946,ICA4073A0,32057,438.0,104.0,51.11152,12.08250,,,0,0,0,0
MSG,3,,,46B82D,,2025/12/05,14:09:37.948,2025/12/05,14:09:37.948,ICA46B82D,36368,484.0,114.0,47.63700,8.45910,,,0,0,0,0
MSG,3,,,393322,,2025/12/05,14:09:37.950,2025/12/05,14:09:37.950,F-GMZC,31424,502.0,175.0,45.10112,1.77672,,,0,0,0,0
MSG,3,,,3E31D8,,2025/12/05,14:09:37.951,2025/12/05,,,,,,,,,,,,,
MSG,3,,,38B6FC,,2025/12/05,14:09:37.954,2025/12/05,14:09:37.954,ICA38B6FC,2127,124.0,150.0,50.39668,3.77983,,,0,0,0,0
MSG,3,,,40093F,,2025/12/05,14:09:37.960,2025/12/05,14:09:37.960,G-EUOG,11980,314.0,213.0,51.04202,-1.25720,,,0,0,0,0
MSG,3,,,3D0565,,2025/12/05,14:09:37.966,2025/12/05,14:09:37.966,FLR3D0565,889,66.0,187.0,52.19083,9.99232,,,0,0,0,0
MSG,3,,,48C2AF,,2025/12/05,14:09:37.968,2025/12/05,14:09:37.968,ICA48C2AF,15719,348.0,210.0,47.05305,18.89433,,,0,0,0,0
MSG,3,,,44004F,,2025/12/05,14:09:37.970,2025/12/05,14:09:37.970,OE-LBQ,28827,446.0,130.0,51.44447,6.84160,,,0,0,0,0
MSG,3,,,4BA8D0,,2025/12/05,14:09:37.972,2025/12/05,14:09:37.972,TC-JFP,12304,300.0,304.0,49.69035,9.73458,,,0,0,0,0
MSG,3,,,395149,,2025/12/05,14:09:37.973,2025/12/05,14:09:37.973,ICA395149,2132,154.0,338.0,45.85065,-0.60342,,,0,0,0,0
MSG,3,,,4D22B5,,2025/12/05,14:09:37.975,2025/12/05,14:09:37.975,ICA4D22B5,13483,338.0,229.0,47.84488,16.13348,,,0,0,0,0
MSG,3,,,3E27AC,,2025/12/05,14:09:37.978,2025/12/05,14:09:37.978,ICA3E27AC,3337,150.0,304.0,51.43102,13.84637,,,0,0,0,0
MSG,3,,,3C6473,,2025/12/05,14:09:37.981,2025/12/05,14:09:37.981,ICA3C6473,10722,352.0,69.0,50.04260,8.14980,,,0,0,0,0
MSG,3,,,48C2A3,,2025/12/05,14:09:37.983,2025/12/05,14:09:37.983,ICA48C2A3,38271,461.0,119.0,49.86262,10.41665,,,0,0,0,0
MSG,3,,,4BA8D0,,2025/12/05,14:09:37.985,2025/12/05,14:09:37.985,TC-JFP,12329,300.0,304.0,49.69037,9.73457,,,0,0,0,0
MSG,3,,,484130,,2025/12/05,14:09:37.986,2025/12/05,14:09:37.986,PH-BXA,16242,406.0,271.0,51.99145,20.29287,,,0,0,0,0
MSG,3,,,488280,,2025/12/05,14:09:37.988,2025/1,,,,,,,,,,,,,
MSG,3,,,DF2419,,2025/12/05,14:09:37.996,2025/12/05,14:09:37.996,Car1,46,0.0,141.0,53.55030,10.15915,,,0,0,0,0
MSG,3,,,3D34EB,,2025/12/05,14:09:37.999,2025/12/05,14:09:37.999,ICA3D34EB,1080,80.0,184.0,52.20978,9.98850,,,0,0,0,0
MSG,3,,,FE474A,,2025/12/05,14:09:38.001,2025/12/05,14:09:38.001,FLRFE474A,344,3.0,128.0,45.42885,10.33577,,,0,0,0,0
MSG,3,,,4CA643,,2025/12/05,14:09:38.003,2025/12/05,14:09:38.003,EI-DYA,16158,339.0,310.0,40.33468,-2.31915,,,0,0,0,0
MSG,3,,,300782,,2025/12/05,14:09:38.005,2025/12/05,14:09:38.005,ICA300782,25306,391.0,199.0,51.50712,9.84480,,,0,0,0,0
MSG,3,,,4BA8D0,,2025/12/05,14:09:38.007,2025/12/05,14:09:38.007,TC-JFP,12304,302.0,305.0,49.69035,9.73458,,,0,0,0,0
MSG,3,,,406FAB,,2025/12/05,14:09:38.010,2025/12/05,14:09:38.010,FLR406FAB,682,36.0,97.0,54.00742,-0.94460,,,0,0,0,0
MSG,3,,,DDE6A5,,2025/12/05,14:09:38.012,2025/12/05,14:09:38.012,ZE495,1618,17.0,141.0,53.02138,-0.90622,,,0,0,0,0
MSG,3,,,458C4B,,2025/12/05,14:09:38.014,2025/12/05,14:09:38.014,ICA458C4B,9809,256.0,187.0,49.87442,9.67015,,,0,0,0,0
MSG,3,,,393323,,2025/12/05,14:09:38.018,2025/12/05,14:09:38.018,F-GMZD,33114,378.0,343.0,45.35003,5.93672,,,0,0,0,0
MSG,3,,,407F62,,2025/12/05,14:09:38.021,2025/12/05,14:09:38.021,ICA407F62,36343,459.0,129.0,48.09227,10.07380,,,0,0,0,0
MSG,3,,,110A6F,,2025/12/05,14:09:38.022,2025/12/05,14:09:38.022,Wolle,1821,12.0,355.0,28.12607,-16.72703,,,0,0,0,0
MSG,3,,,407F62,,2025/12/05,14:09:38.024,2025/12/05,14:09:38.024,ICA407F62,36343,459.0,129.0,48.09228,10.07377,,,0,0,0,0
MSG,3,,,3455CB,,2025/12/05,14:09:38.026,2025/12/05,14:09,,,,,,,,,,,,
MSG,3,,,40111C,,2025/12/05,14:09:38.027,2025/12/05,14:09:38.027,G-DKNY,1585,142.0,340.0,53.03235,-1.13788,,,0,0,0,0
MSG,3,,,DDE6A5,,2025/12/05,14:09:38.029,2025/12/05,14:09:38.029,ZE495,1611,16.0,141.0,53.02143,-0.90630,,,0,0,0,0
MSG,3,,,405F7F,,2025/12/05,14:09:38.031,2025/12/05,14:09:38.031,G-LPIN,1784,56.0,266.0,52.21902,-0.14885,,,0,0,0,0
MSG,3,,,401E9D,,2025/12/05,14:09:38.033,2025/12/05,14:09:38.033,FLR401E9D,1394,98.0,229.0,52.25703,0.27372,,,0,0,0,0
MSG,3,,,4B1A27,,2025/12/05,14:09:38.035,2025/12/05,14:09:38.035,ICA4B1A27,33289,429.0,11.0,49.60513,9.41000,,,0,0,0,0
MSG,3,,,4D20D1,,2025/12/05,14:09:38.037,2025/12/05,14:09:38.037,9H-VCA,10217,295.0,257.0,41.76953,12.36398,,,0,0,0,0
MSG,3,,,393322,,2025/12/05,14:09:38.039,2025/12/05,14:09:38.039,F-GMZC,31410,502.0,175.0,45.10108,1.77673,,,0,0,0,0
MSG,3,,,39D2AB,,2025/12/05,14:09:38.041,2025/12/05,14:09:38.041,ICA39D2AB,17112,350.0,339.0,49.57882,2.30235,,,0,0,0,0
MSG,3,,,34260E,,2025/12/05,14:09:38.043,2025/12/05,14:09:38.043,EC-KHM,17109,332.0,206.0,51.84240,4.70293,,,0,0,0,0
MSG,3,,,FE468C,,2025/12/05,14:09:38.045,2025/12/05,14:09:38.045,FLRFE468C,2516,24.0,146.0,28.15422,-16.75952,,,0,0,0,0
MSG,3,,,DDBA88,,2025/12/05,14:09:38.051,2025/12/05,14:09:38.051,,1227,0.0,0.0,-27.35038,151.51463,,,0,0,0,0
MSG,3,,,A08A41,,2025/12/05,14:09:38.053,2025/12/05,14:09:38.053,ICAA08A41,2906,149.0,119.0,20.98408,-86.79900,,,0,0,0,0
MSG,3,,,DDA933,,2025/12/05,14:09:38.055,2025/12/05,14:09:38.055,G-OWAI,1680,45.0,99.0,56.19047,-3.32688,,,0,0,0,0
MSG,3,,,39E40C,,2025/12/05,14:09:38.057,2025/12/05,14:09:38.057,ICA39E40C,2514,105.0,76.0,43.73147,1.72760,,,0,0,0,0
MSG,3,,,4BC896,,2025/12/05,14:09:38.059,2025/12/05,14:09:38.059,ICA4BC896,35246,448.0,304.0,51.17872,10.52437,,,0,0,0,0
MSG,3,,,4BAA94,,2025/12/05,14:09:38.061,2025/12/05,14:09:38.061,ICA4BAA94,35296,438.0,291.0,50.00322,9.78187,,,0,0,0,0
MSG,3,,,3C674E,,2025/12/05,14:09:38.063,2025/12/05,14:09:38.063,D-AIZN,14127,382.0,298.0,51.18512,7.79692,,,0,0,0,0
MSG,3,,,3E5C8C,,2025/12/05,14:09:38.064,2025/12/05,14:09:38.064,D-KAGA,203,42.0,273.0,52.32367,10.18497,,,0,0,0,0
MSG,3,,,40834D,,2025/12/05,14:09:38.065,2025/12/05,14:09:38.06,,,,,,,,,,,,
MSG,3,,,40111C,,2025/12/05,14:09:38.068,2025/12/05,14:09:38.068,G-DKNY,1564,143.0,339.0,53.03375,-1.13880,,,0,0,0,0
MSG,3,,,406D90,,2025/12/05,14:09:38.070,2025/12/05,14:09:38.070,G-EZOK,17119,356.0,295.0,53.51533,-3.13452,,,0,0,0,0
MSG,3,,,3455CB,,2025/12/05,14:09:38.072,2025/12/05,14:09:38.072,ICA3455CB,16174,291.0,7.0,40.52835,-3.30293,,,0,0,0,0
MSG,3,,,3C5EE5,,2025/12/05,14:09:38.074,2025/12/05,14:09:38.074,D-AGWE,19664,388.0,14.0,49.09573,9.20548,,,0,0,0,0
MSG,3,,,38B0BC,,2025/12/05,14:09:38.077,2025/12/05,14:09:38.077,FLR38B0BC,7312,101.0,89.0,45.04222,2.64640,,,0,0,0,0
MSG,3,,,3E675D,,2025/12/05,14:09:38.078,2025/12/05,14:09:38.078,D-KEIN,5873,81.0,251.0,-33.56008,19.37663,,,0,0,0,0
MSG,3,,,4BA8D0,,2025/12/05,14:09:38.082,2025/12/05,14:09:38.082,TC-JFP,12303,300.0,304.0,49.69110,9.73290,,,0,0,0,0
MSG,3,,,46B830,,2025/12/05,14:09:38.084,2025/12/05,14:09:38.084,ICA46B830,36314,465.0,145.0,48.30618,9.26720,,,0,0,0,0
MSG,3,,,49D62D,,2025/12/05,14:09:38.086,2025/12/05,14:09:38.086,ICA49D62D,40380,450.0,81.0,52.21307,17.90567,,,0,0,0,0
MSG,3,,,3C0ACB,,2025/12/05,14:09:38.088,2025/12/05,14:09:38.088,ICA3C0ACB,17152,390.0,180.0,48.20045,8.51720,,,0,0,0,0
MSG,3,,,4912C8,,2025/12/05,14:09:38.091,2025/12/05,14:09:38.091,ICA4912C8,44499,406.0,201.0,48.40965,2.44492,,,0,0,0,0
MSG,3,,,34838B,,2025/12/05,14:09:38.093,2025/12/05,14:09:38.093,ICA34838B,11718,319.0,67.0,41.16885,2.31852,,,0,0,0,0
MSG,3,,,4601F7,,2025/12/05,14:09:38.095,2025/12/05,14:09:38.095,OH-ATJ,3888,164.0,198.0,60.23023,24.84138,,,0,0,0,0
MSG,3,,,49D5D6,,2025/12/05,14:09:38.097,2025/12/05,14:09:38.097,ICA49D5D6,9702,280.0,250.0,49.42348,3.47777,,,0,0,0,0
MSG,3,,,3C6584,,2025/12/05,14:09:38.098,2025/12/05,14:09:38.098,D-AILD,13807,343.0,187.0,50.65085,9.21337,,,0,0,0,0
MSG,3,,,3D4CA3,,2025/12/05,14:09:38.100,2025/12/05,14:09:38.100,ICA3D4CA3,20264,279.0,3.0,47.25888,11.57505,,,0,0,0,0
MSG,3,,,4B0630,,2025/12/05,14:09:38.101,2025/12/0,,,,,,,,,,,,,
MSG,3,,,48C800,,2025/12/05,14:09:38.103,2025/12/05,14:09:38.103,ICA48C800,22743,244.0,199.0,47.04288,11.70370,,,0,0,0,0
MSG,3,,,3D19FE,,2025/12/05,14:09:38.103,2025/12/05,14:09:38.103,D-EICC,758,30.0,160.0,48.01892,7.83460,,,0,0,0,0
MSG,3,,,3FF116,,2025/12/05,14:09:38.110,2025/12/05,14:09:38.110,ICA3FF116,2031,80.0,53.0,47.91410,7.66830,,,0,0,0,0
MSG,3,,,DD85AD,,2025/12/05,14:09:38.111,2025/12/05,14:09:38.111,D-0271,1605,40.0,137.0,48.02660,7.83925,,,0,0,0,0
MSG,3,,,3FF1A1,,2025/12/05,14:09:38.113,2025/12/05,14:09:38.113,ICA3FF1A1,1984,0.0,0.0,52.60835,10.25977,,,0,0,0,0
MSG,3,,,4BA8D0,,2025/12/05,14:09:38.115,2025/12/05,14:09:38.115,TC-JFP,12282,300.0,304.0,49.69112,9.73288,,,0,0,0,0
MSG,3,,,3C66EA,,2025/12/05,14:09:38.116,2025/12/05,14:09:38.116,ICA3C66EA,5654,281.0,324.0,50.07273,9.04243,,,0,0,0,0
MSG,3,,,4B2839,,2025/12/05,14:09:38.117,2025/12/05,14:09:38.117,HB-PGB,3760,82.0,64.0,47.16130,7.37403,,,0,0,0,0
MSG,3,,,4B2928,,2025/12/05,14:09:38.118,2025/12/05,14:09:38.118,HB-PPG,3659,88.0,306.0,47.10508,7.54125,,,0,0,0,0
MSG,3,,,3C7981,,2025/12/05,14:09:38.119,2025/12/05,14:09:38.119,ICA3C7981,12554,328.0,97.0,47.96375,15.86443,,,0,0,0,0
MSG,3,,,3C7981,,2025/12/05,14:09:38.121,2025/12/05,14:09:38.121,ICA3C7981,12561,327.0,97.0,47.96375,15.86440,,,0,0,0,0
MSG,3,,,4CAE8D,,2025/12/05,14:09:38.124,2025/12/05,14:09:38.124,ICA4CAE8D,548,161.0,323.0,43.63062,1.36462,,,0,0,0,0
MSG,3,,,4CA891,,2025/12/05,14:09:38.125,2025/12/05,14:09:38.125,EI-ENE,4693,195.0,124.0,40.42820,-3.48452,,,0,0,0,0
MSG,3,,,3E647C,,2025/12/05,14:09:38.126,2025/12/05,14:09:38.126,F-CFEE,4695,55.0,66.0,44.23858,5.99773,,,0,0,0,0
MSG,3,,,4D0225,,2025/12/05,14:09:38.128,2025/12/05,14:09:38.128,LX-KAT,,,,,,,,,,,
MSG,3,,,38B93D,,2025/12/05,14:09:38.129,2025/12/05,14:09:38.129,F-JDVO,436,68.0,271.0,44.36803,-1.10657,,,0,0,0,0
MSG,3,,,400EC8,,2025/12/05,14:09:38.129,2025/12/05,14:09:38.129,G-BYUD,3547,76.0,133.0,54.42655,-1.27423,,,0,0,0,0
MSG,3,,,407F62,,2025/12/05,14:09:38.131,2025/12/05,14:09:38.131,ICA407F62,36346,459.0,129.0,48.09235,10.07363,,,0,0,0,0
MSG,3,,,DDA933,,2025/12/05,14:09:38.132,2025/12/05,14:09:38.132,G-OWAI,1696,46.0,99.0,56.19043,-3.32650,,,0,0,0,0
MSG,3,,,400E9B,,2025/12/05,14:09:38.133,2025/12/05,14:09:38.133,G-BYWX,1329,63.0,90.0,52.37763,-0.34243,,,0,0,0,0
MSG,3,,,DDDA0A,,2025/12/05,14:09:38.134,2025/12/05,14:09:38.134,G-CGBN,164,43.0,257.0,51.94280,0.80088,,,0,0,0,0
MSG,3,,,3455CB,,2025/12/05,14:09:38.141,2025/12/05,14:09:38.141,ICA3455CB,16178,291.0,7.0,40.52837,-3.30293,,,0,0,0,0
MSG,3,,,34260E,,2025/12/05,14:09:38.143,2025/12/05,14:09:38.143,EC-KHM,17091,333.0,206.0,51.84240,4.70295,,,0,0,0,0
MSG,3,,,4D2412,,2025/12/05,14:09:38.145,2025/12/05,14:09:38.145,ICA4D2412,32948,443.0,173.0,49.33042,8.14635,,,0,0,0,0
MSG,3,,,3C64B0,,2025/12/05,14:09:38.148,2025/12/05,14:09:38.148,ICA3C64B0,11406,374.0,51.0,49.74393,8.02583,,,0,0,0,0
MSG,3,,,471DBD,,2025/12/05,14:09:38.150,2025/12/05,14:09:38.150,ICA471DBD,31188,444.0,293.0,50.68120,10.43307,,,0,0,0,0
MSG,3,,,4BA902,,2025/12/05,14:09:38.151,2025/12/05,14:09:38.151,TC-JHB,35193,427.0,285.0,49.26130,10.35952,,,0,0,0,0
MSG,3,,,486741,,2025/12/05,14:09:38.153,2025/12/05,14:09:38.153,ICA486741,33343,457.0,297.0,51.24200,10.25498,,,0,0,0,0
MSG,3,,,4D228F,,2025/12/05,14:09:38.155,2025/12/05,14:09:38.155,ICA4D228F,8280,284.0,237.0,41.06510,1.96267,,,0,0,0,0
MSG,3,,,402E21,,2025/12/05,14:09:38.156,2025/12/05,14:09:38.156,ICA402E21,750,76.0,203.0,51.82335,-1.32600,,,0,0,0,0
MSG,3,,,FCBFE2,,2025/12/05,14:09:38.159,2025/12/05,14:09:38.159,FLRFCBFE2,2404,23.0,76.0,45.09885,1.85207,,,0,0,0,0
MSG,3,,,4D00CA,,2025/12/05,14:09:38.161,2025/12/05,14:09:38.161,LX-LGG,16766,297.0,286.0,51.60732,2.18875,,,0,0,0,0
MSG,3,,,4CA891,,2025/12/05,14:09:38.162,2025/12/05,14:09:38.162,EI-ENE,4692,196.0,122.0,40.42820,-3.48452,,,0,0,0,0
MSG,3,,,4031CD,,2025/12/05,14:09:38.165,2025/12/0,,,,,,,,,,,,,
MSG,3,,,471F4A,,2025/12/05,14:09:38.169,2025/12/05,14:09:38.169,HA-LWC,13651,359.0,293.0,50.50008,18.73253,,,0,0,0,0
MSG,3,,,47A185,,2025/12/05,14:09:38.172,2025/12/05,14:09:38.172,ICA47A185,14511,370.0,4.0,60.66520,11.30433,,,0,0,0,0
MSG,3,,,4AB566,,2025/12/05,14:09:38.177,2025/12/05,14:09:38.177,ICA4AB566,4013,225.0,273.0,55.75238,9.61915,,,0,0,0,0
MSG,3,,,3CF19D,,2025/12/05,14:09:38.178,2025/12/05,14:09:38.178,D-CSUN,30912,435.0,216.0,41.40323,-1.48727,,,0,0,0,0
MSG,3,,,3C56F1,,2025/12/05,14:09:38.180,2025/12/05,14:09:38.180,D-AEWQ,14643,348.0,180.0,53.25097,9.85482,,,0,0,0,0
MSG,3,,,4076DA,,2025/12/05,14:09:38.182,2025/12/05,14:09:38.182,ICA4076DA,12257,337.0,329.0,52.26780,-0.83320,,,0,0,0,0
MSG,3,,,4AB5D5,,2025/12/05,14:09:38.184,2025/12/05,14:09:38.184,ICA4AB5D5,4139,206.0,340.0,62.32467,17.60275,,,0,0,0,0
MSG,3,,,34535A,,2025/12/05,14:09:38.187,2025/12/05,14:09:38.187,ICA34535A,4700,223.0,29.0,51.10853,0.22372,,,0,0,0,0
MSG,3,,,38C15B,,2025/12/05,14:09:38.188,2025/12/05,14:09:38.188,ICA38C15B,932,18.0,136.0,45.55820,5.97715,,,0,0,0,0
MSG,3,,,3E675D,,2025/12/05,14:09:38.189,2025/12/05,14:09:38.189,D-KEIN,5873,81.0,251.0,-33.56008,19.37663,,,0,0,0,0
MSG,3,,,34838B,,2025/12/05,14:09:38.191,2025/12/05,14:09:38.191,ICA34838B,11721,319.0,67.0,41.16885,2.31852,,,0,0,0,0
MSG,3,,,4CADE0,,2025/12/05,14:09:38.193,2025/12/05,14:09:38.193,ICA4CADE0,1511,185.0,162.0,41.91643,12.23195,,,0,0,0,0
MSG,3,,,400E8E,,2025/12/05,14:09:38.194,2025/12/05,14:09:38.194,G-BYWK,4413,75.0,283.0,53.07473,-0.64905,,,0,0,0,0
MSG,3,,,4D2490,,2025/12/05,14:09:38.196,2025/12/05,14:09:38.196,ICA4D2490,33268,447.0,312.0,49.92180,10.96168,,,0,0,0,0
MSG,3,,,47A185,,2025/12/05,14:09:38.198,2025/12/0,,,,,,,,,,,,,
MSG,3,,,3C1C82,,2025/12/05,14:09:38.199,2025/12/05,14:09:38.199,ICA3C1C82,17337,369.0,243.0,50.80838,19.50163,,,0,0,0,0
MSG,3,,,471F06,,2025/12/05,14:09:38.201,2025/12/05,14:09:38.201,ICA471F06,10310,323.0,67.0,50.65702,4.36343,,,0,0,0,0
MSG,3,,,DDA933,,2025/12/05,14:09:38.202,2025/12/05,14:09:38.202,G-OWAI,1696,46.0,99.0,56.19043,-3.32650,,,0,0,0,0
MSG,3,,,4068B3,,2025/12/05,14:09:38.203,2025/12/05,14:09:38.203,G-SHBA,1856,64.0,117.0,52.23975,-1.27490,,,0,0,0,0
MSG,3,,,3C1C82,,2025/12/05,14:09:38.204,2025/12/05,14:09:38.204,ICA3C1C82,17302,369.0,243.0,50.80840,19.50168,,,0,0,0,0
MSG,3,,,471DB4,,2025/12/05,14:09:38.208,2025/12/05,14:09:38.208,ICA471DB4,3607,176.0,79.0,50.04560,19.55515,,,0,0,0,0
MSG,3,,,4CA762,,2025/12/05,14:09:38.211,2025/12/05,14:09:38.211,EI-EFG,14370,287.0,20.0,40.76172,-3.98853,,,0,0,0,0
MSG,3,,,4CA565,,2025/12/05,14:09:38.213,2025/12/05,14:09:38.213,EI-DPZ,15766,333.0,26.0,51.57223,-0.24378,,,0,0,0,0
MSG,3,,,4B18D9,,2025/12/05,14:09:38.215,2025/12/05,14:09:38.215,ICA4B18D9,40293,473.0,123.0,49.20463,9.76458,,,0,0,0,0
MSG,3,,,71C383,,2025/12/05,14:09:38.218,2025/12/05,14:09:38.218,ICA71C383,39193,470.0,287.0,49.04993,11.44543,,,0,0,0,0
MSG,3,,,491188,,2025/12/05,14:09:38.220,2025/12/05,14:09:38.220,CS-DLH,29380,437.0,38.0,50.49593,6.34828,,,0,0,0,0
MSG,3,,,471DB6,,2025/12/05,14:09:38.222,2025/12/05,14:09:38.222,ICA471DB6,28858,407.0,289.0,50.50665,7.67373,,,0,0,0,0
MSG,3,,,A44502,,2025/12/05,14:09:38.224,2025/12/05,14:09:38.224,ICAA44502,16448,388.0,153.0,26.97230,-82.38532,,,0,0,0,0
MSG,3,,,3985A6,,2025/12/05,14:09:38.229,2025/12/05,14:09:38.229,F-HBNG,685,129.0,323.0,43.61187,1.37955,,,0,0,0,0
MSG,3,,,44068A,,2025/12/05,14:09:38.231,2025/12/05,14:09:38.231,OE-EGO,23064,246.0,238.0,44.56333,2.04542,,,0,0,0,0
MSG,3,,,4B18D9,,2025/12/05,14:09:38.235,2025/12/05,14:09:38.235,ICA4B18D9,40293,473.0,123.0,49.20465,9.76455,,,0,0,0,0
MSG,3,,,3B753E,,2025/12/05,14:09:38.236,2025/12/05,14:09:38.236,XY,2563,58.0,58.0,44.04337,5.98700,,,0,0,0,0
MSG,3,,,3E2793,,2025/12/05,14:09:38.237,2025/12/05,14:09:38.237,ICA3E2793,16546,268.0,56.0,51.61363,7.36892,,,0,0,0,0
MSG,3,,,471DB4,,2025/12/05,14:09:38.239,2025/12/05,14:09:38.239,ICA471DB4,3614,176.0,79.0,50.04560,19.55513,,,0,0,0,0
MSG,3,,,DF2419,,2025/12/05,14:09:38.241,2025/12/05,14:09:38.241,Car1,46,0.0,141.0,53.55030,10.15915,,,0,0,0,0
MSG,3,,,574ED8,,2025/12/05,14:09:38.242,2025/12/05,14:09:38.242,N0TME,0,0.0,121.0,53.55038,10.15842,,,0,0,0,0
MSG,3,,,4B0EBA,,2025/12/05,14:09:38.243,2025/12/05,14:09:38.243,ICA4B0E,,,,,,,,,,,
MSG,3,,,DF2699,,2025/12/05,14:09:38.246,2025/12/05,14:09:38.246,FLRDF2699,1103,59.0,177.0,51.78885,7.31603,,,0,0,0,0
MSG,3,,,471DB4,,2025/12/05,14:09:38.248,2025/12/05,14:09:38.248,ICA471DB4,3615,176.0,79.0,50.04560,19.55513,,,0,0,0,0
MSG,3,,,FE45DC,,2025/12/05,14:09:38.249,2025/12/05,14:09:38.249,FLRFE45DC,1932,14.0,102.0,44.27848,5.79357,,,0,0,0,0
MSG,3,,,44034B,,2025/12/05,14:09:38.251,2025/12/05,14:09:38.251,ICA44034B,33318,484.0,21.0,48.82872,12.29560,,,0,0,0,0
MSG,3,,,400EC8,,2025/12/05,14:09:38.252,2025/12/05,14:09:38.252,G-BYUD,3547,76.0,133.0,54.42655,-1.27423,,,0,0,0,0
MSG,3,,,471DB4,,2025/12/05,14:09:38.254,2025/12/05,14:09:38.254,ICA471DB4,3614,176.0,79.0,50.04560,19.55515,,,0,0,0,0
MSG,3,,,4CAC8E,,2025/12/05,14:09:38.258,2025/12/05,14:09:38.258,ICA4CAC8E,8323,238.0,226.0,49.23247,3.27860,,,0,0,0,0
MSG,3,,,3D4E36,,2025/12/05,14:09:38.260,2025/12/05,14:09:38.260,ICA3D4E36,3321,143.0,128.0,50.68667,8.12212,,,0,0,0,0
MSG,3,,,344213,,2025/12/05,14:09:38.264,2025/12/05,14:09:38.264,ICA344213,13643,362.0,99.0,39.43547,-0.36508,,,0,0,0,0
MSG,3,,,400E8E,,2025/12/05,14:09:38.264,2025/12/05,14:09:38.264,G-BYWK,4413,75.0,283.0,53.07473,-0.64905,,,0,0,0,0
MSG,3,,,4ACA74,,2025/12/05,14:09:38.266,2025/12/05,14:09:38.266,ICA4ACA74,11937,316.0,20.0,52.31563,21.13708,,,0,0,0,0
MSG,3,,,A000CA,,2025/12/05,14:09:38.268,2025/12/05,14:09:38.268,ICAA000CA,17660,304.0,265.0,48.82118,8.84667,,,0,0,0,0
MSG,3,,,3C1459,,2025/12/05,14:09:38.270,2025/12/05,14:09:38.270,ICA3C1459,1617,137.0,233.0,51.33952,6.87790,,,0,0,0,0
MSG,3,,,40822E,,2025/12/05,14:09:38.273,2025/12/05,14:09:38.273,ICA40822E,37296,435.0,306.0,48.20048,10.66462,,,0,0,0,0
MSG,3,,,44CE66,,2025/12/05,14:09:38.275,2025/12/05,14:09:38.275,OO-SSF,32440,399.0,306.0,49.65848,7.80908,,,0,0,0,0
MSG,3,,,4B2928,,2025/12/05,14:09:38.276,2025/12/05,14:09:38.276,HB-PPG,3659,88.0,306.0,47.10508,7.54125,,,0,0,0,0
MSG,3,,,34714A,,2025/12/05,14:09:38.279,2025/12/05,14:09:38.279,ICA34714A,214479,45.0,70.0,27.77682,-15.52380,,,0,0,0,0
MSG,3,,,3475CA,,2025/12/05,14:09:38.281,2025/12/05,14:09:38.281,ICA3475CA,0,54.0,38.0,27.78670,-15.50087,,,0,0,0,0
MSG,3,,,4CA1B2,,2025/12/05,14:09:38.283,2025/12/05,14:09:38.283,EI-DAC,7673,210.0,277.0,40.91792,-3.40610,,,0,0,0,0
MSG,3,,,4B0F3C,,2025/12/05,14:09:38.286,2025/12/05,14:09:38.286,ICA4B0F3C,23693,249.0,179.0,49.99177,11.07617,,,0,0,0,0
MSG,3,,,3C6542,,2025/12/05,14:09:38.291,2025/12/05,14:09:38.291,ICA3C6542,11003,312.0,264.0,63.83657,-21.02230,,,0,0,0,0
MSG,3,,,4CA762,,2025/12/05,14:09:38.293,2025/12/05,14:09:38.293,EI-EFG,14357,287.0,20.0,40.76172,-3.98853,,,0,0,0,0
MSG,3,,,0D0C5D,,2025/12/05,14:09:38.295,2025/12/05,14:09:38.295,ICA0D0C5D,3887,91.0,97.0,20.51630,-87.34607,,,0,0,0,0
MSG,3,,,4408A1,,2025/12/05,14:09:38.296,2025/12/05,14:09:38.296,OE-XSR,997,61.0,311.0,47.95723,16.27615,,,0,0,0,0
MSG,3,,,44B674,,2025/12/05,14:09:38.298,2025/12/05,14:09:38.298,ICA44B674,11640,248.0,281.0,51.16962,4.25897,,,0,0,0,0
